guardian_id,student_id,relationship
237,1,mother
1895,1,grandmother
1143,2,father
2609,2,grandfather
4034,3,grandmother
7,3,grandfather
3736,4,mother
1065,4,grandmother
719,5,grandmother
493,5,grandfather
1778,6,grandmother
3690,6,grandfather
2475,7,father
3730,7,grandfather
4751,8,others
979,9,mother
2019,9,father
4743,10,father
4092,10,grandfather
3736,11,father
1641,11,grandmother
2194,12,grandmother
2994,12,grandfather
2460,13,mother
2168,13,grandmother
4143,14,grandfather
2023,15,grandmother
869,16,grandmother
3417,16,grandfather
1149,17,father
948,18,mother
3332,18,father
2653,19,grandmother
4694,20,mother
1717,20,father
1466,21,mother
4560,22,mother
3141,22,grandmother
3917,23,father
4265,24,mother
1884,24,father
2405,25,mother
2171,25,grandmother
3282,26,father
4284,26,grandmother
3090,27,mother
4514,27,father
2929,28,others
2952,29,grandmother
2758,30,grandmother
845,31,mother
1479,31,grandmother
4959,32,mother
2100,33,father
1706,33,grandfather
4486,34,mother
4462,34,father
2522,35,grandfather
3561,36,grandmother
4170,36,grandfather
3189,37,mother
383,38,mother
3471,38,father
2551,39,father
4180,40,grandmother
1862,41,father
3934,41,grandmother
3473,42,grandmother
4992,42,grandfather
4720,43,grandfather
2497,44,grandmother
3474,45,mother
384,45,father
3206,46,father
3564,46,grandfather
4429,47,mother
1859,48,others
2320,49,father
209,49,grandmother
2245,50,others
4066,51,others
3183,52,mother
4417,53,mother
1773,54,mother
299,54,father
4202,55,father
1861,56,mother
319,57,father
4616,57,grandfather
4184,58,mother
1986,59,mother
3664,59,father
2617,60,mother
2762,60,father
2489,61,father
4953,61,grandmother
2562,62,mother
4059,62,father
3060,63,mother
4641,63,grandmother
713,64,mother
1594,64,grandmother
4293,65,others
4487,66,mother
287,66,father
4783,67,grandmother
1387,68,grandfather
2325,69,father
1898,69,grandmother
1126,70,father
2915,70,grandfather
551,71,mother
922,71,grandmother
1971,72,father
2258,73,mother
2068,74,father
1973,75,grandmother
709,75,grandfather
4611,76,father
4516,76,grandfather
4262,77,father
1545,78,father
3290,78,grandmother
2242,79,mother
3552,79,grandmother
4818,80,mother
2205,80,father
2945,81,father
2115,81,grandmother
4417,82,grandmother
1624,83,grandmother
1761,84,mother
1705,84,father
2088,85,father
3258,86,grandfather
4266,87,mother
2643,87,father
3761,88,grandfather
3052,89,mother
970,90,grandmother
1947,91,mother
3101,91,father
4159,92,mother
4667,93,father
4166,94,mother
1403,95,mother
346,96,grandfather
617,97,grandmother
3116,97,grandfather
1398,98,others
695,99,others
3992,100,father
836,101,others
1814,102,grandmother
396,102,grandfather
2933,103,father
19,103,grandfather
2770,104,grandmother
803,105,grandmother
975,106,grandmother
16,107,grandfather
2885,108,grandmother
4110,108,grandfather
1195,109,grandfather
3093,110,mother
1213,111,father
3881,112,mother
1952,112,grandmother
709,113,father
961,114,mother
2890,114,father
1306,115,grandmother
1583,115,grandfather
2522,116,others
672,117,others
3668,118,grandfather
1692,119,grandmother
3398,120,father
3678,120,grandmother
3804,121,grandmother
3103,121,grandfather
3769,122,father
4647,122,grandmother
3946,123,grandmother
4519,124,mother
1117,124,grandmother
3071,125,father
515,125,grandfather
3842,126,father
768,126,grandmother
1897,127,grandmother
1407,128,mother
966,128,grandmother
1085,129,father
2765,130,mother
4458,130,father
546,131,father
779,131,grandmother
188,132,father
317,132,grandmother
2361,133,grandmother
1529,134,others
754,135,mother
4093,136,mother
662,136,father
2865,137,father
3228,137,grandmother
1680,138,mother
3136,138,grandmother
4081,139,father
303,139,grandmother
1402,140,others
2654,141,mother
4948,141,father
589,142,father
3556,143,grandfather
1895,144,grandmother
3846,145,grandmother
4910,146,grandfather
4681,147,grandfather
630,148,father
2027,149,father
1027,150,grandmother
3416,150,grandfather
457,151,mother
4424,151,grandmother
4499,152,grandmother
608,152,grandfather
2084,153,mother
841,153,grandmother
2437,154,grandmother
2676,154,grandfather
3662,155,father
3365,155,grandmother
2525,156,father
91,156,grandmother
2086,157,mother
1664,158,grandfather
3485,159,father
641,159,grandfather
4831,160,mother
773,161,grandmother
1778,162,mother
1968,162,grandmother
2791,163,grandfather
2541,164,grandmother
3300,165,grandmother
3402,166,grandmother
2813,167,mother
3953,167,father
3348,168,grandmother
1602,168,grandfather
2916,169,mother
3645,169,father
140,170,mother
2881,170,father
1883,171,father
1580,171,grandfather
1457,172,others
4621,173,grandfather
20,174,others
3763,175,mother
1170,176,father
1794,176,grandfather
2864,177,grandfather
2050,178,mother
1263,178,father
1658,179,others
3360,180,grandmother
4872,181,grandmother
4833,181,grandfather
4029,182,others
1889,183,others
1146,184,father
1574,185,father
3988,185,grandmother
4269,186,grandmother
4094,186,grandfather
3034,187,father
3459,187,grandfather
4838,188,grandmother
947,188,grandfather
1754,189,grandfather
2327,190,mother
4031,190,father
1536,191,others
3465,192,father
1121,192,grandmother
3856,193,father
1772,194,grandfather
1416,195,mother
56,195,grandmother
4013,196,father
1137,197,father
2651,197,grandfather
2871,198,mother
865,199,grandfather
396,200,mother
454,200,grandmother
2903,201,father
3880,202,grandmother
2299,203,father
1035,203,grandmother
3265,204,mother
1906,204,grandmother
3360,205,father
3112,205,grandmother
2825,206,grandfather
1014,207,father
3035,207,grandmother
3239,208,father
1500,208,grandfather
1998,209,grandfather
118,210,mother
4957,210,grandmother
1534,211,others
2749,212,grandfather
4833,213,grandmother
4432,213,grandfather
3744,214,father
2923,214,grandfather
3800,215,mother
3694,216,father
440,217,mother
4247,217,father
2501,218,grandfather
1625,219,father
2932,220,grandmother
1742,221,mother
2547,221,grandmother
4124,222,mother
582,222,father
1405,223,grandmother
3272,223,grandfather
3955,224,mother
4036,224,grandmother
3587,225,father
1375,225,grandfather
1101,226,others
2864,227,mother
427,228,grandfather
3155,229,mother
700,229,grandmother
3782,230,grandmother
3190,230,grandfather
2516,231,others
4187,232,mother
4739,232,father
4055,233,grandfather
4778,234,father
3188,234,grandfather
2411,235,others
1442,236,grandfather
3571,237,mother
112,237,father
1787,238,grandmother
4921,239,mother
4976,239,father
509,240,grandmother
1512,240,grandfather
3419,241,father
2290,242,grandmother
4169,243,father
2082,244,grandmother
4655,244,grandfather
1632,245,grandmother
196,246,mother
3278,246,father
4461,247,grandmother
4775,248,mother
1167,248,grandmother
4789,249,others
4879,250,mother
810,250,father
4012,251,mother
4802,251,grandmother
2874,252,others
908,253,grandmother
1523,253,grandfather
40,254,mother
4230,254,grandmother
2253,255,mother
2523,255,father
868,256,father
2743,256,grandfather
4558,257,mother
1941,257,grandmother
1339,258,mother
4026,259,father
326,259,grandmother
3328,260,grandfather
1982,261,others
2038,262,grandfather
4114,263,father
1568,264,mother
3761,264,father
1936,265,mother
3553,265,grandmother
4231,266,grandmother
4348,267,father
179,267,grandfather
1062,268,father
4680,269,grandmother
1755,270,father
1611,270,grandfather
1380,271,grandmother
1674,271,grandfather
1361,272,father
2215,272,grandfather
3081,273,mother
3101,273,grandmother
1487,274,mother
2278,275,grandmother
453,275,grandfather
4015,276,grandmother
1886,277,mother
2977,278,grandfather
322,279,grandmother
2654,280,father
2938,281,father
361,282,grandfather
262,283,others
4538,284,mother
2667,285,grandfather
280,286,father
3937,287,mother
438,287,grandmother
2930,288,others
1567,289,father
3312,289,grandfather
164,290,grandmother
3796,290,grandfather
1929,291,grandmother
2575,292,others
1063,293,grandmother
359,293,grandfather
795,294,mother
1739,294,grandmother
3252,295,mother
4665,296,others
320,297,mother
4300,298,grandfather
1960,299,grandmother
2397,299,grandfather
4394,300,grandmother
164,300,grandfather
710,301,father
188,301,grandfather
358,302,father
666,302,grandfather
805,303,father
413,303,grandmother
649,304,mother
977,305,father
4786,305,grandmother
412,306,grandmother
2313,306,grandfather
4746,307,mother
966,307,grandmother
622,308,father
2584,308,grandfather
2950,309,grandmother
2842,310,grandfather
1295,311,mother
1096,311,father
1373,312,mother
1460,312,grandmother
688,313,grandmother
976,314,others
1157,315,others
4464,316,father
2868,316,grandmother
1305,317,father
738,317,grandfather
97,318,mother
3516,319,father
2497,319,grandmother
1213,320,father
2590,320,grandfather
747,321,grandfather
1020,322,father
121,322,grandfather
3269,323,grandfather
4149,324,grandmother
149,324,grandfather
4564,325,grandmother
4081,326,mother
278,326,father
58,327,grandfather
1693,328,grandmother
3551,328,grandfather
2133,329,mother
2594,329,grandmother
4863,330,father
982,330,grandmother
1372,331,mother
824,331,father
3145,332,father
2707,333,mother
3127,333,grandmother
2002,334,grandfather
3261,335,mother
1941,336,grandmother
504,337,mother
530,338,father
2738,339,mother
1506,340,others
432,341,others
2652,342,father
1054,342,grandmother
2669,343,father
1241,344,mother
4348,344,father
2825,345,grandmother
2522,346,father
3826,347,father
3665,347,grandfather
951,348,grandmother
2533,348,grandfather
461,349,grandmother
602,349,grandfather
204,350,mother
4435,351,grandmother
1239,351,grandfather
694,352,mother
3523,352,father
4932,353,father
3641,353,grandfather
3113,354,father
1228,355,grandmother
4600,355,grandfather
226,356,father
1944,357,grandmother
1979,357,grandfather
1965,358,mother
3968,359,grandfather
262,360,grandmother
2982,360,grandfather
4577,361,mother
3591,361,father
282,362,mother
3978,362,grandmother
3481,363,father
76,364,grandmother
3270,364,grandfather
3741,365,others
1627,366,mother
2507,366,father
4514,367,grandmother
1196,368,grandfather
1292,369,father
2572,370,grandmother
3374,371,mother
809,372,grandmother
4095,373,mother
865,374,grandmother
348,374,grandfather
465,375,father
2737,376,others
851,377,mother
2490,377,father
4189,378,grandfather
4050,379,grandmother
359,379,grandfather
4627,380,mother
1630,380,grandmother
775,381,grandmother
614,382,father
1514,382,grandfather
2501,383,father
1840,383,grandfather
5,384,father
1424,384,grandmother
2287,385,mother
1394,385,father
973,386,grandmother
742,387,others
4569,388,grandfather
1792,389,father
154,389,grandfather
4476,390,father
1173,390,grandfather
4082,391,father
1502,391,grandfather
4960,392,father
2083,392,grandmother
3444,393,mother
3252,393,father
4246,394,father
14,394,grandmother
766,395,father
2709,395,grandmother
4255,396,father
1769,396,grandfather
2805,397,father
393,397,grandfather
214,398,mother
1691,398,father
4095,399,father
2050,399,grandfather
454,400,mother
3931,401,father
3525,401,grandfather
3708,402,father
858,402,grandfather
2851,403,grandmother
1041,403,grandfather
4099,404,mother
3057,404,father
2312,405,mother
3643,405,grandmother
332,406,mother
3651,406,father
4601,407,grandmother
4091,408,mother
3628,408,father
1383,409,mother
3430,409,father
1021,410,mother
1413,411,mother
1112,411,grandmother
2051,412,father
2806,412,grandfather
3657,413,grandfather
122,414,mother
2722,415,grandmother
1782,415,grandfather
2255,416,mother
4902,416,grandmother
4814,417,mother
2714,417,father
1116,418,father
3946,418,grandfather
3375,419,grandmother
273,420,others
35,421,grandmother
3786,422,father
4112,423,others
1389,424,mother
1124,424,father
1126,425,father
3003,425,grandfather
800,426,others
3668,427,others
2459,428,father
2363,428,grandmother
2962,429,mother
2113,430,others
4815,431,father
3203,431,grandmother
2548,432,mother
1864,432,grandmother
1935,433,grandmother
4305,433,grandfather
214,434,grandmother
4884,434,grandfather
1273,435,father
3790,435,grandmother
689,436,grandfather
1068,437,father
3547,437,grandmother
4522,438,grandmother
4690,439,father
4521,440,mother
3645,440,grandmother
766,441,grandfather
229,442,father
2483,443,mother
2954,444,others
3375,445,mother
4316,445,grandmother
324,446,grandfather
61,447,others
2925,448,father
4264,449,father
4088,449,grandfather
1354,450,grandmother
2074,451,grandmother
2736,451,grandfather
4335,452,grandmother
525,453,father
3732,453,grandfather
386,454,others
3198,455,father
684,456,mother
1674,456,grandmother
1004,457,others
28,458,mother
3904,459,others
2572,460,mother
3490,460,father
52,461,others
272,462,others
1124,463,mother
3154,464,grandmother
140,464,grandfather
2284,465,mother
7,465,father
4123,466,grandmother
1039,466,grandfather
3041,467,mother
2080,467,grandmother
1206,468,others
2702,469,father
3369,469,grandmother
4903,470,father
2266,470,grandfather
839,471,grandmother
134,471,grandfather
2217,472,father
1043,472,grandmother
2053,473,grandmother
2989,473,grandfather
2995,474,father
977,474,grandmother
2099,475,grandmother
2757,475,grandfather
1418,476,grandfather
369,477,mother
2839,477,father
2727,478,others
1524,479,grandfather
3555,480,father
1343,480,grandmother
4301,481,father
4879,482,father
3904,482,grandmother
4283,483,father
2877,484,grandmother
2868,485,grandfather
2943,486,father
2862,487,others
4594,488,mother
149,488,grandmother
240,489,father
389,489,grandmother
336,490,mother
3424,491,grandfather
3104,492,father
2609,492,grandfather
97,493,father
4676,493,grandfather
4641,494,mother
1974,494,father
4822,495,mother
4715,496,mother
2450,496,father
371,497,mother
286,497,father
2312,498,grandmother
1822,498,grandfather
931,499,grandmother
4198,500,mother
2417,501,mother
1016,501,grandmother
3760,502,father
2118,502,grandmother
1557,503,father
4546,504,grandfather
2694,505,mother
2195,505,grandmother
4404,506,father
3053,506,grandfather
1024,507,father
2515,508,father
2697,509,mother
1703,509,father
2299,510,mother
518,510,father
4433,511,father
515,512,others
1970,513,grandfather
2839,514,others
1389,515,grandfather
667,516,grandfather
104,517,father
2260,517,grandfather
2553,518,father
325,518,grandmother
695,519,mother
71,519,father
4981,520,father
3957,520,grandfather
3299,521,others
3256,522,mother
2880,523,father
30,524,others
4538,525,mother
3175,525,father
4627,526,mother
1731,526,grandmother
4824,527,grandmother
4295,527,grandfather
1987,528,grandmother
3274,528,grandfather
3164,529,father
3745,530,father
3400,530,grandfather
4927,531,others
3849,532,grandmother
4545,532,grandfather
2279,533,father
128,534,father
35,535,grandmother
3952,536,mother
1243,536,father
3922,537,grandmother
1115,538,father
4374,539,others
4699,540,father
135,540,grandfather
2235,541,father
2013,542,others
2037,543,father
2447,543,grandmother
1876,544,father
4349,544,grandmother
4871,545,mother
648,545,father
450,546,father
3775,547,grandfather
983,548,father
2419,549,father
2684,549,grandmother
3671,550,father
3535,551,father
268,551,grandfather
3832,552,father
1210,552,grandmother
2151,553,father
518,554,grandmother
1832,555,others
3807,556,father
41,556,grandmother
480,557,grandmother
2220,557,grandfather
1490,558,mother
1937,558,father
4879,559,grandfather
1588,560,father
147,561,father
1112,561,grandfather
531,562,grandmother
1608,563,father
2044,563,grandfather
4042,564,mother
4373,564,father
2812,565,grandfather
2916,566,mother
2341,566,father
2065,567,grandmother
4450,567,grandfather
4168,568,grandmother
3220,568,grandfather
4027,569,mother
4463,569,father
2562,570,grandmother
4814,570,grandfather
3367,571,mother
1653,571,father
2651,572,mother
2998,573,grandmother
202,573,grandfather
1235,574,grandmother
2660,575,father
3991,576,grandfather
2729,577,others
197,578,father
3773,579,mother
1221,580,mother
76,580,father
2884,581,others
667,582,father
163,582,grandmother
4302,583,father
1507,583,grandmother
649,584,father
1919,584,grandmother
655,585,father
4047,586,mother
3434,586,father
4860,587,grandmother
710,588,father
1292,588,grandmother
3981,589,grandmother
4095,589,grandfather
1711,590,mother
23,591,father
4686,592,father
35,593,father
1647,594,others
4391,595,mother
1570,596,grandmother
4310,596,grandfather
2155,597,grandmother
2809,597,grandfather
3188,598,grandfather
711,599,father
465,599,grandfather
770,600,grandmother
3812,600,grandfather
4998,601,father
3130,601,grandmother
3366,602,mother
4716,602,father
4317,603,father
4234,603,grandmother
7,604,grandmother
1496,604,grandfather
1468,605,others
1393,606,mother
815,606,father
2614,607,father
3656,608,father
2098,608,grandmother
2386,609,father
3192,609,grandfather
1023,610,father
807,611,father
836,611,grandmother
3716,612,father
1960,613,mother
4791,613,father
2351,614,grandfather
4862,615,father
397,616,father
2672,617,mother
1076,617,grandmother
4575,618,mother
1245,618,father
4837,619,grandfather
4954,620,mother
4761,620,father
4508,621,mother
2759,622,grandmother
4547,622,grandfather
837,623,father
3671,623,grandmother
1820,624,mother
4147,624,grandmother
2371,625,father
3445,625,grandmother
2379,626,mother
2305,627,others
3088,628,father
3466,628,grandmother
3319,629,father
1343,630,father
203,630,grandmother
3435,631,mother
1170,632,grandmother
1655,632,grandfather
540,633,father
2214,633,grandmother
1185,634,grandfather
499,635,mother
1062,636,grandfather
3722,637,grandmother
1751,637,grandfather
882,638,grandmother
1987,638,grandfather
907,639,mother
3393,639,father
221,640,grandmother
2597,640,grandfather
4164,641,mother
3802,641,grandmother
3520,642,father
1111,642,grandmother
847,643,mother
2045,643,father
1259,644,mother
1366,644,father
672,645,mother
202,645,grandmother
602,646,father
1047,646,grandmother
3240,647,grandmother
2803,648,mother
1831,648,grandmother
2406,649,mother
4047,649,father
2834,650,grandmother
4115,650,grandfather
3194,651,father
2070,652,grandfather
4465,653,mother
1096,653,grandmother
4764,654,father
2244,654,grandfather
3509,655,father
4419,656,mother
222,656,father
2669,657,others
1878,658,grandfather
1063,659,father
337,659,grandmother
1706,660,grandfather
3979,661,mother
4580,661,grandmother
3056,662,mother
4137,663,grandmother
2822,663,grandfather
875,664,mother
813,664,grandmother
2631,665,mother
1384,666,grandmother
3649,667,mother
735,667,grandmother
2942,668,father
485,669,grandmother
3868,670,others
2834,671,father
825,672,father
1333,672,grandmother
3424,673,mother
122,673,grandmother
3062,674,father
3600,674,grandmother
2749,675,grandfather
2926,676,grandfather
159,677,mother
4533,678,father
1845,678,grandfather
666,679,grandmother
1622,679,grandfather
3151,680,grandmother
402,681,father
998,681,grandmother
4174,682,mother
4748,683,mother
4072,683,grandmother
3208,684,mother
1103,684,father
2587,685,grandfather
4693,686,grandfather
4431,687,father
4696,687,grandfather
3611,688,others
3044,689,grandmother
862,690,grandmother
4875,691,grandmother
1131,691,grandfather
1088,692,mother
2074,693,grandfather
4925,694,father
1881,695,mother
990,695,father
423,696,mother
3386,697,mother
1189,698,father
1696,698,grandmother
4862,699,mother
4991,699,father
1026,700,grandmother
2247,701,father
261,702,grandfather
3428,703,father
4385,703,grandfather
3371,704,mother
4479,704,grandmother
2080,705,father
4629,705,grandfather
2929,706,mother
727,706,grandmother
4835,707,father
1368,707,grandmother
4499,708,grandmother
3529,708,grandfather
39,709,mother
1453,710,father
4635,710,grandmother
2459,711,mother
3802,712,father
4757,713,mother
4000,713,father
3458,714,mother
1541,714,father
1214,715,father
249,715,grandfather
2945,716,grandmother
4970,716,grandfather
3793,717,mother
822,718,mother
1689,719,grandmother
531,719,grandfather
360,720,grandfather
1781,721,grandfather
4641,722,grandfather
1249,723,father
3586,724,mother
4957,725,mother
1754,725,grandmother
3622,726,father
3523,727,mother
4908,727,father
3419,728,grandfather
2470,729,grandmother
4079,730,father
2558,730,grandfather
1495,731,grandmother
74,732,mother
1989,733,grandmother
4266,733,grandfather
91,734,father
1424,735,grandmother
4330,735,grandfather
1877,736,grandmother
2811,737,mother
4514,737,grandmother
3240,738,mother
2741,739,father
3217,739,grandfather
1450,740,father
4168,740,grandfather
1836,741,grandmother
101,741,grandfather
4270,742,grandfather
4359,743,others
3932,744,grandfather
312,745,grandmother
4620,745,grandfather
1027,746,grandfather
2202,747,mother
2169,747,grandmother
3676,748,mother
212,748,grandmother
1128,749,others
2898,750,others
1017,751,mother
1841,752,grandfather
3964,753,father
878,754,father
304,755,father
4259,755,grandmother
2218,756,father
1412,756,grandfather
2878,757,father
2734,757,grandfather
1692,758,mother
751,758,grandmother
431,759,mother
1705,760,grandmother
4627,761,mother
3477,761,grandmother
561,762,father
4035,763,others
3256,764,mother
2070,764,grandmother
814,765,others
3106,766,grandmother
307,767,others
1789,768,mother
4670,768,father
1500,769,grandmother
3126,770,mother
1164,770,father
1188,771,grandmother
1385,771,grandfather
163,772,father
4313,772,grandfather
1630,773,mother
2843,773,grandmother
882,774,grandfather
4776,775,father
2638,775,grandmother
650,776,father
3536,776,grandfather
3637,777,father
4272,778,others
3462,779,mother
1574,780,father
2792,780,grandmother
524,781,father
2074,781,grandmother
155,782,mother
4541,782,grandmother
2263,783,grandfather
1420,784,grandfather
4038,785,mother
2227,785,father
3523,786,mother
1881,786,father
4465,787,father
2841,787,grandfather
4358,788,grandfather
4908,789,others
2962,790,father
4897,790,grandfather
4789,791,grandfather
4866,792,father
4050,792,grandmother
458,793,father
957,793,grandmother
3663,794,father
3436,795,grandmother
1904,795,grandfather
986,796,grandmother
4391,797,grandfather
3804,798,father
3334,799,father
11,800,father
2533,800,grandmother
294,801,father
2128,801,grandfather
3593,802,father
3915,802,grandmother
4278,803,mother
3614,804,mother
1244,804,grandmother
2208,805,father
4088,806,father
4382,807,father
177,808,grandfather
2128,809,grandmother
2005,810,others
787,811,mother
1346,812,mother
480,812,grandmother
4477,813,father
4011,813,grandmother
2458,814,grandfather
3431,815,father
1374,815,grandmother
2674,816,mother
4454,816,father
1779,817,mother
2469,817,grandmother
1613,818,grandmother
2520,819,father
1500,819,grandmother
996,820,father
386,820,grandmother
1347,821,father
2301,822,father
2633,822,grandfather
3085,823,father
3911,823,grandfather
1202,824,mother
3587,824,father
738,825,grandmother
573,826,father
1352,826,grandmother
735,827,mother
3780,827,father
2443,828,mother
4374,828,grandmother
2708,829,father
2951,829,grandfather
2680,830,father
1526,830,grandfather
831,831,father
580,832,grandmother
4516,832,grandfather
2267,833,father
968,834,mother
578,834,grandmother
2723,835,mother
129,835,father
1617,836,mother
3918,837,mother
1346,837,father
2256,838,father
1367,839,mother
3969,839,grandmother
3959,840,grandfather
2808,841,father
2339,842,father
4652,842,grandmother
1692,843,father
1621,843,grandmother
2937,844,father
3477,844,grandfather
2620,845,father
3775,845,grandmother
506,846,grandmother
3221,846,grandfather
878,847,grandmother
1855,848,mother
1644,848,grandmother
863,849,grandmother
3389,849,grandfather
4168,850,mother
1689,850,father
3206,851,father
4351,851,grandmother
2116,852,grandmother
3588,852,grandfather
1199,853,father
2974,853,grandfather
829,854,grandmother
2985,854,grandfather
4830,855,mother
1995,855,grandmother
2480,856,father
749,856,grandmother
2035,857,grandfather
1664,858,grandmother
4228,858,grandfather
1013,859,father
2032,859,grandfather
1696,860,grandfather
804,861,grandmother
4689,862,mother
3141,862,grandmother
1685,863,grandfather
4160,864,mother
2773,864,grandmother
2461,865,father
4748,865,grandfather
4549,866,grandfather
1952,867,grandfather
279,868,mother
2538,868,father
2067,869,mother
4289,869,grandmother
4217,870,father
3310,870,grandmother
839,871,father
3991,871,grandmother
969,872,mother
4900,872,father
1441,873,mother
2181,873,father
370,874,grandmother
794,875,father
3699,876,mother
1457,877,mother
4781,878,mother
3821,878,father
1366,879,mother
3522,880,father
4184,880,grandfather
4032,881,father
4634,882,mother
1655,882,grandmother
1094,883,others
1276,884,mother
246,884,father
1279,885,father
3985,886,grandfather
3429,887,father
4781,887,grandfather
4289,888,father
4127,888,grandfather
712,889,grandmother
1359,890,father
1552,890,grandmother
4579,891,others
2244,892,others
2737,893,father
336,893,grandmother
462,894,others
373,895,mother
1619,896,mother
3455,896,grandmother
697,897,mother
2804,898,grandfather
1505,899,others
4282,900,mother
2720,901,mother
2015,902,mother
3705,903,father
3838,903,grandmother
2444,904,mother
1942,904,grandmother
4867,905,grandfather
949,906,mother
3625,906,father
1135,907,grandmother
2752,907,grandfather
2135,908,father
2838,909,others
4469,910,mother
944,910,father
1886,911,father
3328,911,grandfather
637,912,grandfather
4950,913,father
4117,913,grandmother
4,914,grandmother
937,914,grandfather
984,915,grandfather
1241,916,grandmother
2126,916,grandfather
3908,917,mother
4932,917,father
201,918,father
4149,918,grandfather
4687,919,mother
1994,919,father
2889,920,grandmother
2857,920,grandfather
3917,921,grandmother
2166,921,grandfather
4287,922,grandmother
3754,923,grandmother
3425,924,father
3440,924,grandmother
485,925,mother
2333,926,father
259,926,grandmother
1663,927,mother
1150,928,mother
4116,928,father
4144,929,father
3233,929,grandfather
2231,930,mother
434,931,grandmother
1509,932,father
2027,932,grandfather
1114,933,mother
4929,933,grandmother
795,934,others
2357,935,mother
931,936,father
786,937,grandfather
4994,938,grandmother
1836,938,grandfather
3071,939,mother
2020,939,father
2595,940,father
3773,940,grandmother
2298,941,grandfather
4456,942,father
4132,942,grandfather
32,943,grandfather
3493,944,father
4211,944,grandfather
1533,945,grandmother
452,946,father
1427,947,father
4474,947,grandfather
316,948,father
1132,948,grandmother
673,949,others
4009,950,others
4846,951,grandfather
4135,952,grandmother
3608,953,grandmother
2672,953,grandfather
4472,954,mother
1470,954,father
4185,955,others
1509,956,grandmother
4795,957,father
4042,958,grandfather
116,959,grandfather
2939,960,grandfather
2316,961,grandmother
3576,962,grandmother
4636,962,grandfather
2151,963,grandmother
4274,964,others
183,965,grandmother
334,966,grandmother
2912,966,grandfather
828,967,mother
827,967,grandmother
3643,968,mother
2440,968,father
1787,969,mother
252,970,mother
1251,971,father
1354,972,mother
3093,972,father
851,973,others
3471,974,mother
633,974,father
4955,975,grandmother
4643,976,mother
2339,976,father
2856,977,others
431,978,grandfather
1511,979,mother
3395,979,grandmother
3437,980,father
4310,980,grandfather
2741,981,grandmother
4071,981,grandfather
4375,982,others
3457,983,father
4693,984,mother
4825,984,grandmother
537,985,father
2917,985,grandfather
4581,986,others
4539,987,mother
515,987,father
1300,988,father
3863,988,grandfather
1827,989,father
1244,989,grandmother
2041,990,mother
4523,990,grandmother
869,991,mother
4047,992,mother
1526,992,grandmother
2873,993,father
4650,994,mother
2353,994,grandmother
892,995,father
457,996,father
4106,997,mother
2065,997,grandmother
1725,998,others
4527,999,father
522,1000,mother
781,1000,grandmother
1887,1001,mother
504,1001,father
2555,1002,mother
4163,1003,grandfather
865,1004,others
3097,1005,grandfather
4670,1006,father
3392,1006,grandmother
3864,1007,grandmother
3536,1007,grandfather
3718,1008,grandmother
4747,1008,grandfather
3880,1009,grandfather
3388,1010,mother
707,1010,father
4929,1011,mother
1080,1011,father
4725,1012,grandmother
2839,1013,mother
3571,1014,grandmother
4274,1014,grandfather
450,1015,mother
2790,1016,father
3587,1016,grandmother
1398,1017,grandfather
2754,1018,father
1345,1018,grandmother
1888,1019,father
954,1020,others
759,1021,grandfather
385,1022,grandfather
1538,1023,father
4314,1023,grandfather
916,1024,grandmother
2595,1024,grandfather
3718,1025,father
3346,1025,grandfather
418,1026,father
4702,1026,grandfather
59,1027,grandmother
709,1028,father
3429,1028,grandfather
2310,1029,father
2178,1030,grandfather
1974,1031,father
2289,1031,grandmother
41,1032,grandmother
4246,1032,grandfather
3459,1033,father
1174,1033,grandfather
3330,1034,grandmother
1994,1035,mother
2988,1036,grandmother
1289,1036,grandfather
2683,1037,mother
900,1037,grandmother
2894,1038,father
4328,1038,grandmother
4268,1039,grandfather
2621,1040,father
3483,1040,grandfather
1930,1041,others
4995,1042,father
2711,1042,grandfather
418,1043,mother
2094,1043,grandmother
4750,1044,father
4913,1045,others
1125,1046,grandfather
1054,1047,father
1644,1048,mother
1678,1049,others
3017,1050,mother
2036,1050,father
2522,1051,grandmother
2291,1052,grandfather
2607,1053,mother
2466,1053,father
1670,1054,father
848,1054,grandfather
2877,1055,father
2193,1055,grandfather
1202,1056,mother
4060,1056,father
2699,1057,father
403,1058,mother
3375,1058,father
2162,1059,others
1050,1060,father
4622,1060,grandmother
1657,1061,mother
3172,1062,father
64,1063,grandmother
2419,1063,grandfather
1527,1064,mother
405,1065,father
1540,1065,grandmother
275,1066,father
975,1066,grandmother
2537,1067,father
4867,1068,mother
1658,1068,grandmother
1425,1069,mother
903,1069,father
3621,1070,grandmother
1328,1071,father
1949,1071,grandfather
4434,1072,grandfather
694,1073,grandfather
3544,1074,mother
3694,1074,grandmother
2959,1075,father
2482,1075,grandfather
1254,1076,others
2540,1077,father
852,1077,grandfather
985,1078,mother
3100,1079,father
2474,1079,grandmother
4329,1080,mother
4207,1080,grandmother
3034,1081,father
733,1081,grandmother
2369,1082,mother
251,1083,grandmother
2092,1084,mother
1310,1084,father
110,1085,mother
1113,1086,grandmother
2181,1087,father
950,1088,mother
4157,1088,grandmother
3145,1089,others
4027,1090,grandmother
698,1091,father
2925,1092,mother
3478,1092,grandmother
1845,1093,mother
3389,1093,grandmother
3784,1094,mother
4417,1094,father
1912,1095,father
2442,1095,grandfather
4923,1096,mother
310,1097,father
3695,1097,grandfather
283,1098,mother
4709,1098,grandmother
866,1099,others
2681,1100,grandmother
4777,1101,grandmother
3690,1101,grandfather
4339,1102,father
2336,1103,grandmother
1139,1104,grandfather
3580,1105,others
2885,1106,grandmother
1046,1107,mother
840,1107,grandmother
4692,1108,mother
4312,1109,grandmother
1628,1110,father
3475,1111,others
1674,1112,mother
2051,1113,others
3786,1114,grandmother
1369,1115,others
768,1116,grandfather
1473,1117,grandfather
2248,1118,others
2668,1119,grandmother
2232,1119,grandfather
2670,1120,others
3021,1121,mother
1646,1121,father
3932,1122,grandfather
3234,1123,father
4992,1124,grandmother
3238,1124,grandfather
3201,1125,mother
816,1125,father
217,1126,grandmother
1125,1127,grandmother
122,1128,grandmother
883,1128,grandfather
1128,1129,others
4936,1130,father
2882,1130,grandfather
1586,1131,grandmother
115,1132,father
1772,1133,grandmother
2229,1133,grandfather
2712,1134,father
2633,1135,mother
3489,1135,father
1603,1136,father
4864,1137,father
4178,1137,grandfather
3425,1138,mother
2194,1139,mother
3958,1139,father
237,1140,grandmother
2533,1141,father
4229,1141,grandmother
2330,1142,grandmother
3885,1142,grandfather
2291,1143,father
2965,1143,grandfather
3928,1144,father
4080,1144,grandfather
2461,1145,others
2090,1146,mother
44,1146,father
3288,1147,mother
4028,1147,father
1588,1148,grandmother
4881,1148,grandfather
4202,1149,grandfather
1686,1150,mother
853,1151,mother
1766,1152,mother
4420,1153,mother
3340,1153,grandmother
1703,1154,mother
2102,1154,father
4110,1155,mother
2568,1155,grandmother
209,1156,mother
2125,1157,father
3196,1157,grandmother
641,1158,mother
1668,1159,grandfather
1357,1160,father
1277,1160,grandmother
4370,1161,mother
3149,1162,mother
2435,1162,grandmother
3406,1163,others
1270,1164,grandmother
2989,1164,grandfather
1822,1165,grandmother
355,1166,mother
2865,1167,mother
4646,1168,grandmother
1863,1168,grandfather
3811,1169,grandmother
2072,1170,grandfather
854,1171,mother
2413,1171,grandmother
2410,1172,grandmother
3384,1172,grandfather
2025,1173,mother
2470,1173,grandmother
2232,1174,mother
2093,1174,father
736,1175,others
3018,1176,mother
614,1176,father
3777,1177,father
1675,1178,father
1529,1178,grandfather
4520,1179,grandmother
1895,1180,father
4964,1181,others
1065,1182,mother
2179,1183,others
4573,1184,mother
945,1185,grandmother
1609,1185,grandfather
553,1186,mother
511,1186,father
3787,1187,others
519,1188,grandmother
3287,1188,grandfather
2923,1189,father
879,1189,grandfather
1558,1190,others
2850,1191,father
4724,1192,grandfather
1229,1193,mother
4602,1194,mother
4745,1194,father
4878,1195,father
379,1195,grandmother
4630,1196,grandfather
1093,1197,father
3345,1198,father
3599,1198,grandfather
495,1199,grandfather
2243,1200,father
371,1201,mother
1725,1201,grandmother
752,1202,grandmother
3636,1202,grandfather
4415,1203,grandfather
1512,1204,father
4960,1204,grandfather
2215,1205,grandmother
4898,1206,mother
2990,1206,father
3755,1207,mother
1847,1208,grandfather
2482,1209,others
4966,1210,grandfather
1526,1211,father
4104,1211,grandfather
1688,1212,mother
2012,1212,grandmother
3079,1213,father
2318,1214,mother
1740,1215,mother
3872,1216,father
4896,1217,grandfather
1604,1218,father
2538,1219,father
2855,1219,grandmother
3835,1220,mother
4454,1221,father
3304,1222,others
3723,1223,father
2397,1224,grandmother
2851,1225,others
166,1226,grandmother
3023,1227,mother
1572,1227,grandmother
4516,1228,father
3890,1228,grandmother
163,1229,grandfather
3589,1230,mother
4723,1230,grandmother
704,1231,father
1086,1231,grandfather
3874,1232,mother
3773,1232,grandmother
3765,1233,father
222,1233,grandfather
1012,1234,grandmother
1972,1235,grandmother
2871,1235,grandfather
2079,1236,father
2150,1237,grandfather
4057,1238,others
4977,1239,grandfather
2677,1240,father
3323,1240,grandmother
3285,1241,grandmother
1321,1241,grandfather
1574,1242,father
2123,1243,others
3483,1244,father
2377,1244,grandfather
4401,1245,mother
4106,1245,grandmother
3200,1246,father
4435,1247,grandfather
1378,1248,mother
1475,1248,grandmother
2060,1249,grandmother
1678,1250,father
4527,1251,mother
2046,1251,grandmother
3071,1252,grandmother
2895,1253,grandfather
2524,1254,father
70,1255,grandmother
588,1256,father
976,1257,father
1888,1257,grandmother
2017,1258,mother
1284,1259,mother
3385,1259,grandmother
1259,1260,grandmother
1109,1260,grandfather
4032,1261,grandmother
4303,1262,mother
3533,1262,grandmother
929,1263,mother
3823,1263,grandmother
4090,1264,father
2619,1265,father
2170,1265,grandfather
1790,1266,father
4382,1266,grandmother
4256,1267,mother
2847,1268,mother
1612,1268,grandmother
959,1269,mother
2722,1270,father
4636,1270,grandmother
2199,1271,father
1394,1272,mother
3943,1273,grandmother
2921,1274,father
718,1275,mother
114,1276,father
3696,1276,grandfather
2509,1277,mother
820,1277,grandmother
3974,1278,father
1786,1279,father
4280,1279,grandmother
2893,1280,mother
4234,1280,grandmother
4637,1281,grandmother
1597,1282,father
2656,1282,grandmother
4740,1283,mother
1310,1284,father
4457,1285,grandmother
3444,1286,grandmother
2815,1287,grandfather
2383,1288,father
482,1288,grandfather
328,1289,grandmother
4829,1289,grandfather
4780,1290,others
3843,1291,father
3097,1291,grandmother
1617,1292,mother
2176,1292,father
3396,1293,grandmother
3625,1294,mother
3549,1294,father
4144,1295,grandmother
342,1296,grandfather
344,1297,father
803,1297,grandfather
654,1298,grandmother
781,1298,grandfather
4761,1299,grandmother
2937,1299,grandfather
2460,1300,father
3663,1300,grandfather
1481,1301,grandfather
1780,1302,mother
3869,1302,father
1733,1303,grandmother
4357,1304,grandmother
3354,1305,mother
3553,1305,father
633,1306,grandmother
4810,1307,mother
1992,1307,grandmother
3605,1308,mother
94,1309,grandmother
3054,1309,grandfather
3606,1310,others
1294,1311,father
1328,1311,grandfather
2033,1312,mother
2711,1312,father
4390,1313,mother
3818,1313,grandmother
2646,1314,grandmother
2394,1314,grandfather
2586,1315,father
625,1315,grandmother
1915,1316,others
1814,1317,grandfather
3456,1318,father
3075,1318,grandfather
3863,1319,grandmother
2063,1319,grandfather
4096,1320,mother
3177,1321,father
3710,1321,grandfather
782,1322,grandmother
1730,1322,grandfather
559,1323,mother
2372,1324,others
3035,1325,grandfather
2133,1326,mother
4114,1327,father
2599,1328,mother
4633,1329,father
1749,1330,mother
3089,1330,grandmother
2245,1331,others
3772,1332,father
3360,1332,grandmother
3824,1333,father
191,1334,mother
3492,1335,father
1006,1336,father
1519,1336,grandfather
2858,1337,grandfather
2537,1338,grandfather
4366,1339,father
769,1340,father
3180,1340,grandfather
2054,1341,grandmother
1386,1342,others
4535,1343,grandfather
2093,1344,grandfather
4094,1345,father
625,1345,grandfather
4194,1346,others
4884,1347,grandmother
3776,1348,mother
3515,1348,father
3724,1349,grandfather
2630,1350,grandmother
1286,1350,grandfather
3341,1351,father
2150,1352,mother
296,1352,grandmother
1753,1353,father
4278,1353,grandmother
1628,1354,mother
4724,1355,grandmother
1645,1355,grandfather
1319,1356,father
868,1356,grandmother
2684,1357,mother
1013,1357,father
327,1358,mother
3807,1358,father
1522,1359,grandfather
1837,1360,grandfather
4278,1361,grandfather
2154,1362,others
4038,1363,others
2142,1364,others
114,1365,grandfather
159,1366,mother
3643,1367,father
3271,1368,mother
1657,1368,father
712,1369,grandfather
1432,1370,mother
2317,1370,grandmother
1784,1371,father
2270,1372,grandfather
3665,1373,mother
642,1373,grandmother
1916,1374,mother
1195,1375,father
935,1375,grandmother
4479,1376,father
3891,1377,father
1317,1377,grandfather
2847,1378,grandmother
1969,1378,grandfather
2801,1379,father
402,1379,grandfather
2273,1380,father
4555,1380,grandfather
3105,1381,father
1609,1381,grandfather
3044,1382,father
1520,1382,grandmother
869,1383,mother
313,1383,grandmother
2008,1384,grandmother
3121,1385,grandmother
2952,1385,grandfather
693,1386,mother
3750,1386,grandmother
4365,1387,grandfather
2964,1388,grandmother
4476,1388,grandfather
2232,1389,mother
1945,1390,grandmother
4414,1390,grandfather
1971,1391,grandmother
3340,1391,grandfather
107,1392,grandmother
2444,1392,grandfather
3238,1393,father
1365,1393,grandfather
316,1394,mother
3650,1394,grandmother
3490,1395,mother
2328,1396,father
1520,1396,grandmother
1448,1397,father
1519,1397,grandmother
956,1398,grandmother
1586,1398,grandfather
2460,1399,others
3953,1400,others
2355,1401,mother
3347,1401,father
736,1402,grandmother
4248,1403,father
2896,1404,grandmother
409,1404,grandfather
3398,1405,mother
4619,1405,grandmother
679,1406,father
1888,1407,others
1009,1408,grandfather
4699,1409,grandmother
1393,1410,mother
475,1410,father
4063,1411,grandmother
2545,1412,father
2380,1413,mother
3468,1413,father
2405,1414,grandfather
210,1415,father
2044,1415,grandmother
2940,1416,grandmother
1531,1416,grandfather
391,1417,father
2476,1417,grandfather
3696,1418,father
3931,1418,grandfather
3536,1419,others
3964,1420,father
1985,1420,grandfather
4778,1421,father
4378,1422,mother
4338,1422,father
4357,1423,father
593,1424,father
262,1424,grandfather
4931,1425,grandfather
3536,1426,grandmother
4527,1426,grandfather
600,1427,grandmother
657,1427,grandfather
3239,1428,grandfather
2651,1429,father
679,1429,grandfather
1813,1430,father
3514,1431,grandmother
3731,1431,grandfather
858,1432,others
703,1433,mother
3068,1433,grandmother
4198,1434,mother
586,1434,father
1036,1435,grandmother
3617,1436,father
4509,1436,grandfather
3529,1437,father
2243,1438,grandmother
1974,1439,grandmother
2693,1439,grandfather
3178,1440,grandmother
3649,1440,grandfather
3486,1441,father
1134,1442,father
2140,1443,grandfather
4555,1444,mother
2230,1444,grandmother
3257,1445,mother
2655,1446,mother
4343,1447,grandmother
1270,1447,grandfather
1894,1448,grandmother
916,1448,grandfather
367,1449,grandmother
44,1449,grandfather
1453,1450,father
4894,1450,grandmother
1820,1451,mother
3201,1451,grandmother
2700,1452,mother
2477,1452,father
1466,1453,father
4564,1454,mother
1494,1454,grandmother
702,1455,mother
2765,1455,father
3495,1456,father
3600,1456,grandfather
2102,1457,grandmother
4731,1457,grandfather
2581,1458,father
3293,1459,father
3565,1459,grandmother
227,1460,grandmother
4071,1461,father
4250,1461,grandmother
972,1462,grandmother
3737,1463,mother
2782,1463,father
2485,1464,father
2348,1465,mother
4835,1465,father
731,1466,grandmother
4728,1467,mother
734,1468,grandmother
2997,1468,grandfather
683,1469,mother
2894,1470,mother
969,1471,mother
96,1471,father
2727,1472,grandfather
1025,1473,others
33,1474,others
2670,1475,grandmother
563,1475,grandfather
4073,1476,father
1303,1477,mother
1894,1477,father
4778,1478,father
4162,1479,father
632,1479,grandmother
4495,1480,mother
3460,1480,grandmother
1634,1481,mother
1495,1481,grandmother
686,1482,others
4103,1483,grandfather
1338,1484,father
2599,1484,grandmother
455,1485,others
4160,1486,mother
2304,1487,mother
4467,1487,grandmother
3821,1488,others
4095,1489,grandmother
1893,1489,grandfather
4072,1490,others
4995,1491,grandmother
1165,1492,father
3433,1493,mother
4013,1494,grandmother
2366,1495,mother
2970,1496,mother
3967,1497,father
2762,1497,grandmother
3597,1498,mother
209,1498,father
4240,1499,mother
1053,1500,grandfather
2164,1501,mother
3994,1501,grandmother
1716,1502,grandfather
2928,1503,grandmother
2128,1503,grandfather
2270,1504,father
4392,1504,grandmother
1061,1505,others
1995,1506,father
3961,1506,grandmother
2540,1507,mother
2250,1508,others
4494,1509,mother
762,1509,father
2051,1510,grandmother
248,1511,father
4024,1512,grandfather
55,1513,grandfather
3673,1514,mother
1663,1515,mother
659,1516,others
609,1517,grandfather
1971,1518,mother
4744,1518,father
3860,1519,mother
4825,1520,father
954,1520,grandfather
2192,1521,father
4383,1521,grandmother
732,1522,father
4783,1522,grandmother
4047,1523,father
3538,1523,grandmother
3436,1524,father
1551,1524,grandmother
2554,1525,grandmother
253,1525,grandfather
4320,1526,father
64,1526,grandmother
597,1527,grandmother
1257,1527,grandfather
630,1528,grandmother
674,1528,grandfather
4180,1529,father
2400,1529,grandmother
4798,1530,grandfather
2315,1531,mother
1551,1532,grandfather
164,1533,grandfather
3239,1534,grandmother
988,1534,grandfather
1961,1535,father
2817,1535,grandmother
2811,1536,grandmother
4909,1537,father
4157,1537,grandmother
2508,1538,mother
2487,1538,grandmother
4142,1539,grandmother
646,1540,mother
4572,1541,grandmother
896,1542,grandmother
4539,1543,grandmother
67,1544,mother
4989,1545,father
1531,1545,grandfather
535,1546,father
759,1546,grandmother
4104,1547,father
650,1547,grandfather
2181,1548,grandmother
1185,1548,grandfather
3400,1549,others
1539,1550,grandmother
3271,1550,grandfather
1961,1551,father
980,1552,grandmother
3863,1552,grandfather
3224,1553,mother
4978,1553,grandmother
3565,1554,grandfather
3495,1555,grandmother
2935,1555,grandfather
1022,1556,father
4957,1557,mother
1790,1557,grandmother
55,1558,mother
3932,1559,mother
3270,1560,mother
4956,1561,father
41,1562,father
1535,1562,grandmother
3289,1563,father
675,1563,grandmother
1679,1564,grandmother
2937,1565,grandfather
1953,1566,father
3223,1566,grandmother
4738,1567,grandfather
1247,1568,father
2015,1569,father
1498,1569,grandmother
4874,1570,mother
2560,1570,father
3140,1571,father
3531,1571,grandfather
561,1572,grandmother
4821,1572,grandfather
1196,1573,grandmother
4888,1573,grandfather
4856,1574,grandfather
2376,1575,father
2455,1575,grandfather
2402,1576,grandmother
3839,1577,father
1699,1577,grandfather
3559,1578,grandfather
1439,1579,others
529,1580,mother
1621,1581,father
1496,1582,father
365,1582,grandfather
3606,1583,father
1290,1583,grandfather
4448,1584,grandfather
1346,1585,mother
1116,1586,father
2347,1586,grandmother
3482,1587,mother
4582,1587,father
4065,1588,grandmother
4803,1588,grandfather
2498,1589,mother
1093,1589,grandmother
1909,1590,father
4881,1591,grandmother
967,1592,mother
2585,1592,father
564,1593,mother
4141,1593,father
3299,1594,mother
1764,1594,father
3139,1595,mother
3710,1596,father
3823,1596,grandmother
1211,1597,mother
258,1598,father
22,1598,grandmother
348,1599,grandmother
2862,1599,grandfather
4988,1600,father
2446,1601,father
4961,1602,father
2807,1603,father
4334,1603,grandmother
1540,1604,others
3417,1605,mother
2188,1606,grandmother
1502,1607,others
2627,1608,grandfather
1477,1609,father
4698,1610,grandmother
3863,1610,grandfather
1852,1611,father
2363,1611,grandmother
640,1612,grandmother
4397,1613,mother
1221,1614,father
3263,1614,grandfather
4833,1615,grandmother
4656,1616,father
486,1617,grandmother
4741,1617,grandfather
2459,1618,grandmother
1569,1619,grandmother
2093,1619,grandfather
1888,1620,mother
2628,1620,father
2267,1621,mother
4618,1622,others
4739,1623,mother
420,1623,grandmother
1485,1624,grandfather
3961,1625,grandmother
309,1625,grandfather
4433,1626,father
2692,1626,grandmother
2526,1627,mother
555,1627,father
1111,1628,father
2614,1628,grandfather
1683,1629,grandfather
1937,1630,father
4554,1630,grandmother
4419,1631,father
1905,1632,grandmother
4013,1633,father
3998,1633,grandfather
2636,1634,mother
4594,1634,father
4883,1635,others
2926,1636,mother
449,1636,father
2915,1637,mother
3946,1637,grandmother
3089,1638,mother
3918,1639,grandfather
492,1640,father
3054,1640,grandfather
3255,1641,others
104,1642,mother
2033,1642,father
1642,1643,father
3600,1643,grandmother
70,1644,father
3519,1645,grandmother
1596,1645,grandfather
912,1646,mother
165,1646,grandmother
2852,1647,father
432,1647,grandfather
1805,1648,mother
1297,1648,father
2840,1649,mother
2790,1649,grandmother
2860,1650,grandmother
1051,1651,father
1964,1651,grandfather
3270,1652,grandmother
2581,1653,father
1401,1653,grandmother
360,1654,mother
2876,1654,grandmother
2387,1655,father
4082,1656,mother
3095,1656,father
2465,1657,mother
3748,1658,others
1689,1659,grandmother
4690,1660,father
93,1660,grandfather
3681,1661,father
3075,1662,father
2386,1663,father
197,1663,grandmother
3744,1664,father
861,1665,mother
2941,1666,grandmother
1139,1666,grandfather
3977,1667,father
457,1667,grandmother
1393,1668,grandfather
4157,1669,father
901,1670,mother
3383,1670,father
3755,1671,grandmother
1594,1672,father
3796,1673,mother
783,1674,grandfather
2301,1675,father
2790,1675,grandfather
3925,1676,father
4385,1676,grandfather
3736,1677,grandfather
4100,1678,father
2373,1678,grandmother
4207,1679,others
4476,1680,mother
2576,1680,father
717,1681,father
3729,1681,grandmother
1868,1682,grandmother
4755,1682,grandfather
4185,1683,father
1395,1683,grandmother
1090,1684,father
2912,1685,mother
324,1685,father
1692,1686,mother
3897,1687,father
3385,1687,grandfather
3411,1688,grandmother
2055,1689,mother
1795,1689,grandmother
1727,1690,mother
2208,1690,father
1008,1691,mother
715,1691,grandmother
3549,1692,mother
2590,1692,grandmother
3605,1693,mother
2321,1693,father
3262,1694,grandmother
2916,1694,grandfather
968,1695,grandfather
1781,1696,father
2009,1696,grandfather
4114,1697,father
2922,1697,grandmother
2691,1698,others
807,1699,grandfather
1038,1700,father
3374,1700,grandfather
4348,1701,father
205,1702,mother
2310,1702,grandmother
424,1703,grandmother
2773,1704,others
731,1705,father
3709,1706,father
76,1707,grandmother
3417,1708,others
1303,1709,father
2523,1709,grandmother
1461,1710,grandmother
1683,1711,mother
1201,1712,grandfather
4434,1713,father
567,1713,grandfather
2980,1714,mother
3329,1714,grandmother
3955,1715,grandmother
2941,1715,grandfather
2309,1716,father
1869,1717,father
576,1717,grandfather
2109,1718,father
4568,1718,grandfather
1112,1719,grandmother
3106,1719,grandfather
4245,1720,grandfather
1148,1721,grandfather
1421,1722,mother
2647,1722,grandmother
732,1723,father
701,1723,grandmother
2983,1724,mother
1345,1725,grandmother
4093,1726,mother
4300,1726,father
814,1727,mother
2010,1728,father
4912,1728,grandfather
1346,1729,father
4181,1729,grandfather
2591,1730,grandfather
3616,1731,mother
4391,1731,grandmother
828,1732,father
3188,1732,grandfather
4164,1733,mother
4618,1733,father
4599,1734,father
3919,1735,grandfather
2656,1736,mother
478,1736,grandmother
2233,1737,grandmother
2215,1738,father
3740,1738,grandfather
4808,1739,father
599,1739,grandfather
34,1740,grandmother
236,1740,grandfather
4854,1741,father
2505,1742,father
2629,1742,grandmother
4297,1743,father
2308,1743,grandmother
361,1744,grandmother
4997,1745,grandmother
4417,1745,grandfather
268,1746,grandmother
983,1746,grandfather
176,1747,father
4367,1747,grandmother
1874,1748,mother
2682,1749,others
1212,1750,father
4104,1750,grandfather
4783,1751,mother
4823,1751,grandmother
373,1752,others
869,1753,grandfather
2721,1754,father
1097,1754,grandfather
3534,1755,grandmother
108,1755,grandfather
1588,1756,mother
1932,1756,father
1505,1757,mother
761,1757,grandmother
1777,1758,mother
4757,1758,grandmother
2204,1759,grandmother
1997,1760,father
3101,1760,grandmother
4110,1761,father
259,1761,grandfather
2875,1762,father
4782,1762,grandfather
2852,1763,mother
3151,1763,grandmother
1993,1764,father
281,1764,grandmother
2092,1765,mother
3201,1766,grandfather
2751,1767,grandmother
63,1767,grandfather
560,1768,mother
3934,1769,father
3270,1769,grandfather
251,1770,grandfather
2109,1771,father
4962,1771,grandfather
1245,1772,mother
4694,1772,father
1852,1773,grandmother
100,1774,father
4773,1775,grandfather
2371,1776,grandfather
3092,1777,grandmother
1626,1778,others
2926,1779,grandfather
1668,1780,grandmother
4173,1780,grandfather
3773,1781,father
2011,1781,grandfather
2367,1782,mother
1624,1782,father
4525,1783,mother
3770,1783,father
4780,1784,others
632,1785,grandfather
1461,1786,father
1270,1786,grandmother
3080,1787,father
3876,1787,grandfather
2459,1788,others
3012,1789,grandmother
1354,1790,grandmother
279,1790,grandfather
3532,1791,grandmother
3961,1792,mother
2934,1792,father
2919,1793,father
1865,1793,grandfather
4977,1794,mother
3579,1794,father
333,1795,father
71,1795,grandmother
4059,1796,grandfather
2558,1797,father
4887,1798,grandmother
10,1798,grandfather
2923,1799,others
4453,1800,grandmother
3325,1800,grandfather
3352,1801,father
2038,1801,grandfather
4693,1802,father
2787,1803,father
4650,1803,grandmother
3933,1804,mother
2514,1804,grandmother
2694,1805,grandmother
531,1806,grandfather
2978,1807,others
1445,1808,mother
3598,1808,grandmother
4167,1809,mother
837,1809,father
3264,1810,mother
3031,1811,father
2637,1812,mother
260,1813,others
560,1814,mother
2571,1814,father
3795,1815,mother
1390,1815,father
2191,1816,mother
3044,1816,father
2118,1817,grandmother
2860,1818,father
4831,1818,grandfather
2978,1819,grandmother
2549,1819,grandfather
3103,1820,father
4896,1821,mother
508,1822,mother
954,1822,grandmother
58,1823,mother
1342,1823,grandmother
3328,1824,grandfather
3271,1825,mother
139,1825,father
1234,1826,others
159,1827,grandmother
1480,1828,grandmother
2780,1829,father
4453,1829,grandmother
2273,1830,mother
1833,1830,grandmother
2789,1831,mother
2177,1831,grandmother
1830,1832,father
4048,1833,others
3367,1834,grandfather
3685,1835,father
1232,1835,grandfather
3198,1836,father
3795,1837,grandmother
4025,1838,father
1593,1838,grandfather
1827,1839,mother
2524,1839,grandmother
357,1840,others
3794,1841,grandmother
1187,1842,mother
405,1842,father
1613,1843,mother
4934,1843,grandmother
964,1844,grandmother
3775,1844,grandfather
2946,1845,grandmother
1886,1845,grandfather
2719,1846,grandmother
1885,1846,grandfather
3270,1847,mother
4785,1847,grandmother
2711,1848,father
3317,1849,mother
2955,1849,father
2276,1850,mother
288,1850,father
3878,1851,father
612,1852,mother
4059,1853,grandfather
4834,1854,grandmother
59,1854,grandfather
4048,1855,grandfather
3518,1856,father
4570,1856,grandmother
4521,1857,mother
974,1858,mother
417,1858,father
1166,1859,grandfather
4951,1860,grandmother
3524,1860,grandfather
3388,1861,grandmother
4697,1862,father
627,1862,grandmother
1680,1863,father
303,1864,father
1420,1864,grandmother
3330,1865,father
713,1866,mother
568,1867,mother
1003,1867,grandmother
4476,1868,grandmother
3902,1868,grandfather
2925,1869,mother
3551,1870,mother
744,1870,grandmother
1768,1871,grandmother
667,1872,mother
4321,1873,father
943,1873,grandfather
639,1874,father
1995,1874,grandfather
3706,1875,mother
3740,1875,grandmother
4273,1876,father
461,1877,grandmother
113,1877,grandfather
4282,1878,others
1491,1879,father
799,1879,grandmother
328,1880,father
1442,1880,grandmother
3161,1881,father
444,1881,grandmother
900,1882,grandfather
2258,1883,grandfather
2566,1884,mother
4370,1884,grandmother
834,1885,grandfather
164,1886,mother
3217,1887,father
4936,1888,mother
3660,1888,grandmother
4360,1889,grandmother
217,1890,grandmother
3869,1890,grandfather
950,1891,father
2754,1891,grandmother
1367,1892,grandmother
1521,1892,grandfather
2257,1893,mother
2195,1893,grandmother
2188,1894,mother
3049,1894,father
4646,1895,father
2270,1895,grandmother
4231,1896,mother
3991,1896,father
2085,1897,father
1651,1897,grandmother
2005,1898,mother
3555,1898,father
1366,1899,father
2544,1899,grandmother
3369,1900,others
299,1901,mother
102,1902,grandfather
2807,1903,grandmother
990,1903,grandfather
2983,1904,grandfather
4839,1905,father
4059,1906,mother
78,1906,father
2606,1907,mother
1924,1907,father
118,1908,mother
290,1908,grandmother
4959,1909,mother
4952,1910,mother
2918,1910,grandmother
86,1911,grandfather
718,1912,mother
2331,1913,grandmother
2439,1914,grandfather
3689,1915,others
2887,1916,grandfather
1460,1917,mother
4053,1917,father
1368,1918,grandmother
4442,1918,grandfather
4298,1919,father
3941,1919,grandmother
2221,1920,grandmother
3024,1920,grandfather
3671,1921,mother
4983,1921,father
799,1922,mother
1990,1923,grandmother
1986,1923,grandfather
1815,1924,grandmother
945,1924,grandfather
764,1925,mother
1415,1925,father
2360,1926,father
4540,1926,grandmother
692,1927,mother
1491,1927,grandmother
3998,1928,others
294,1929,mother
4998,1929,father
2554,1930,mother
663,1930,grandmother
4087,1931,mother
3549,1931,grandmother
4063,1932,father
3169,1933,father
4333,1933,grandfather
3841,1934,mother
3466,1934,grandmother
1411,1935,father
1995,1936,grandmother
2507,1936,grandfather
1927,1937,mother
1026,1937,father
3047,1938,father
4965,1938,grandmother
4804,1939,father
4526,1940,grandmother
2655,1941,grandmother
823,1942,father
2937,1943,mother
1614,1943,father
1571,1944,mother
4506,1945,father
38,1945,grandmother
4605,1946,father
4991,1946,grandfather
2538,1947,mother
95,1947,grandmother
1001,1948,father
353,1949,grandfather
4763,1950,father
12,1951,mother
3965,1951,grandmother
3789,1952,father
3532,1953,mother
4342,1953,father
3380,1954,others
365,1955,father
1855,1955,grandfather
3741,1956,mother
3169,1956,grandmother
1797,1957,mother
2514,1958,grandmother
1562,1959,mother
357,1959,grandmother
4715,1960,grandmother
781,1961,mother
1325,1961,father
795,1962,father
727,1963,father
4327,1963,grandfather
4725,1964,father
202,1964,grandfather
148,1965,mother
3371,1966,grandmother
3027,1967,father
2164,1967,grandfather
3140,1968,father
1916,1968,grandfather
1055,1969,mother
2167,1969,father
4804,1970,father
1165,1970,grandmother
1896,1971,grandmother
2391,1972,mother
2998,1972,father
1839,1973,grandmother
1167,1973,grandfather
3320,1974,mother
3915,1974,grandmother
1215,1975,mother
2850,1975,grandmother
4554,1976,grandmother
4128,1977,father
3290,1978,father
229,1978,grandmother
1182,1979,father
4834,1980,grandfather
4214,1981,grandfather
4354,1982,grandmother
585,1982,grandfather
1900,1983,father
749,1983,grandmother
2017,1984,others
577,1985,father
406,1985,grandmother
2903,1986,grandmother
2568,1987,father
2990,1987,grandfather
1450,1988,grandmother
1714,1988,grandfather
1231,1989,mother
204,1990,mother
1029,1990,father
4884,1991,mother
2621,1991,grandmother
537,1992,grandmother
1170,1993,father
3426,1993,grandfather
1837,1994,grandfather
525,1995,father
912,1995,grandfather
231,1996,father
4830,1996,grandfather
2408,1997,others
2518,1998,mother
2497,1998,father
1674,1999,grandmother
3633,2000,father
621,2000,grandfather
379,2001,father
2545,2002,father
1037,2002,grandfather
4458,2003,mother
4986,2004,grandmother
1708,2005,mother
2948,2005,grandmother
25,2006,grandmother
2903,2007,grandmother
3463,2007,grandfather
1154,2008,grandmother
810,2009,father
815,2009,grandmother
1591,2010,father
1282,2010,grandfather
2594,2011,grandmother
806,2011,grandfather
673,2012,grandfather
2498,2013,father
4850,2014,father
401,2014,grandfather
822,2015,father
4128,2015,grandfather
4222,2016,mother
3706,2016,grandmother
4258,2017,mother
2772,2018,grandmother
3901,2019,mother
76,2019,father
390,2020,grandfather
3278,2021,mother
3304,2021,father
3508,2022,grandfather
695,2023,father
2874,2023,grandfather
2197,2024,father
578,2024,grandmother
4066,2025,mother
2068,2025,grandmother
3855,2026,father
761,2026,grandmother
3098,2027,mother
723,2027,grandmother
3409,2028,father
2218,2028,grandfather
1888,2029,mother
4609,2029,father
3360,2030,mother
2313,2030,grandmother
20,2031,mother
3890,2031,father
4226,2032,father
724,2032,grandfather
1424,2033,father
1669,2033,grandfather
4860,2034,father
1019,2035,grandmother
1101,2035,grandfather
3730,2036,mother
1198,2037,mother
376,2038,grandfather
1915,2039,mother
4029,2039,grandmother
3831,2040,father
3226,2040,grandmother
1434,2041,mother
1480,2042,father
856,2043,grandfather
2276,2044,grandmother
2831,2045,others
3371,2046,grandmother
242,2047,mother
2977,2047,grandmother
1723,2048,mother
1266,2048,father
2358,2049,mother
4817,2050,father
992,2050,grandfather
2291,2051,father
656,2051,grandfather
2219,2052,mother
334,2052,grandmother
3535,2053,grandmother
3204,2054,mother
3702,2055,mother
3056,2055,father
4267,2056,mother
1726,2057,mother
1044,2058,grandmother
3270,2058,grandfather
3519,2059,others
2332,2060,grandmother
840,2060,grandfather
1515,2061,mother
4543,2062,mother
576,2062,grandmother
2389,2063,grandmother
3439,2063,grandfather
2764,2064,mother
4364,2064,father
564,2065,father
1645,2065,grandmother
2019,2066,others
4260,2067,mother
3800,2067,grandmother
606,2068,mother
4027,2069,grandmother
1619,2069,grandfather
3886,2070,mother
4215,2070,father
2047,2071,mother
817,2071,grandmother
1270,2072,father
2727,2072,grandfather
4661,2073,grandmother
4402,2074,mother
662,2075,grandfather
275,2076,father
1999,2076,grandfather
2252,2077,father
4776,2078,grandfather
3141,2079,mother
1932,2079,father
103,2080,mother
4855,2081,father
1934,2081,grandfather
4525,2082,grandmother
4447,2082,grandfather
4565,2083,grandmother
1643,2084,father
920,2084,grandfather
3422,2085,mother
288,2085,grandmother
3763,2086,father
1879,2087,father
2032,2087,grandfather
999,2088,grandmother
3239,2089,father
2817,2089,grandfather
4124,2090,father
916,2090,grandfather
1708,2091,father
3877,2092,mother
311,2092,father
654,2093,mother
4849,2093,grandmother
315,2094,mother
3044,2094,father
2643,2095,others
4091,2096,grandfather
4033,2097,mother
1000,2097,father
862,2098,grandmother
1961,2098,grandfather
898,2099,grandfather
3604,2100,mother
4885,2100,grandmother
4597,2101,others
3764,2102,father
3112,2102,grandmother
541,2103,father
319,2103,grandmother
1154,2104,father
3875,2104,grandmother
2199,2105,grandmother
4154,2105,grandfather
1926,2106,mother
1276,2106,grandmother
2933,2107,father
3408,2108,mother
181,2108,grandmother
4915,2109,grandfather
3517,2110,father
1409,2111,father
4374,2111,grandfather
249,2112,father
216,2112,grandmother
3131,2113,mother
3190,2114,father
1681,2115,others
2605,2116,father
4297,2117,father
4161,2118,others
5000,2119,father
1336,2119,grandmother
3897,2120,mother
1671,2121,father
3524,2122,father
4424,2122,grandmother
3756,2123,father
3756,2124,grandfather
1349,2125,grandmother
4216,2126,father
773,2126,grandmother
415,2127,grandmother
2325,2127,grandfather
2510,2128,mother
2126,2128,father
2177,2129,father
2567,2129,grandmother
3691,2130,mother
1779,2130,father
4088,2131,father
4513,2131,grandfather
1190,2132,father
3949,2132,grandfather
3974,2133,father
1260,2133,grandmother
2168,2134,father
2855,2134,grandfather
3681,2135,grandfather
4709,2136,mother
1094,2137,mother
2484,2137,grandmother
3665,2138,father
902,2138,grandfather
1946,2139,grandfather
3428,2140,father
3963,2140,grandfather
4379,2141,father
4003,2141,grandmother
17,2142,father
3890,2142,grandmother
4410,2143,grandmother
1232,2143,grandfather
4606,2144,others
1180,2145,mother
4611,2145,father
2070,2146,father
4071,2146,grandfather
4705,2147,grandmother
2956,2147,grandfather
1418,2148,grandmother
1622,2148,grandfather
1440,2149,grandmother
4520,2150,mother
257,2150,father
1558,2151,grandmother
3232,2152,mother
1787,2152,grandmother
110,2153,father
651,2154,mother
3175,2154,grandmother
2411,2155,mother
3459,2155,grandmother
4808,2156,mother
4041,2157,father
1178,2158,grandmother
4387,2158,grandfather
3967,2159,grandfather
245,2160,mother
2533,2160,father
4727,2161,grandmother
765,2162,father
4214,2162,grandmother
3582,2163,father
1916,2164,mother
4797,2164,grandmother
1621,2165,grandmother
4244,2166,mother
4281,2166,father
3983,2167,mother
2270,2167,father
773,2168,others
2146,2169,grandmother
2193,2169,grandfather
354,2170,father
338,2170,grandfather
3221,2171,others
189,2172,others
288,2173,grandmother
658,2173,grandfather
2135,2174,grandfather
4363,2175,others
568,2176,grandfather
2184,2177,grandfather
2452,2178,grandmother
3377,2179,father
646,2180,mother
1715,2181,father
2307,2181,grandfather
3338,2182,mother
1663,2182,father
517,2183,grandmother
2607,2183,grandfather
3430,2184,mother
2784,2184,grandmother
903,2185,father
2542,2185,grandfather
350,2186,grandmother
1768,2187,others
1831,2188,others
3885,2189,grandfather
1173,2190,father
3110,2191,others
25,2192,others
129,2193,grandmother
83,2193,grandfather
4657,2194,grandmother
3454,2195,mother
4152,2195,grandmother
1875,2196,grandfather
311,2197,others
3777,2198,others
4702,2199,father
4270,2200,father
3444,2200,grandmother
1669,2201,father
2897,2201,grandmother
3683,2202,father
2621,2202,grandfather
2436,2203,mother
2857,2203,father
1624,2204,others
2851,2205,grandmother
1252,2206,mother
4423,2206,father
619,2207,grandmother
4483,2207,grandfather
2831,2208,others
4496,2209,father
3911,2209,grandmother
508,2210,father
4924,2210,grandfather
150,2211,mother
2670,2212,father
4313,2213,others
2185,2214,father
1195,2214,grandmother
3021,2215,father
1507,2215,grandfather
2155,2216,father
1096,2216,grandfather
4352,2217,mother
4182,2218,grandmother
949,2218,grandfather
756,2219,grandmother
1222,2219,grandfather
4339,2220,father
3675,2220,grandmother
3956,2221,grandfather
2307,2222,others
4994,2223,mother
3270,2224,mother
1441,2224,father
4177,2225,father
873,2225,grandfather
2657,2226,others
1977,2227,grandmother
1828,2227,grandfather
4941,2228,father
992,2229,grandfather
3471,2230,mother
426,2230,grandmother
2488,2231,father
2802,2232,grandfather
451,2233,grandmother
2643,2233,grandfather
35,2234,father
2490,2235,grandfather
129,2236,mother
4967,2236,grandmother
3808,2237,mother
453,2238,mother
189,2238,grandmother
1776,2239,mother
1293,2239,grandmother
341,2240,father
1329,2241,mother
4264,2241,father
282,2242,mother
3874,2242,grandmother
2307,2243,father
2287,2243,grandmother
2280,2244,father
4021,2244,grandmother
2787,2245,others
2098,2246,others
1613,2247,mother
3897,2248,grandmother
4378,2249,grandmother
1478,2250,father
4371,2250,grandfather
3219,2251,father
3544,2252,mother
1784,2253,father
3613,2253,grandfather
1787,2254,mother
10,2254,father
4307,2255,father
1522,2256,mother
1031,2257,father
2729,2258,grandmother
3848,2259,grandmother
2485,2260,father
3495,2260,grandmother
4868,2261,father
3168,2262,grandmother
4556,2263,father
663,2263,grandfather
682,2264,mother
4428,2264,father
4254,2265,others
1871,2266,father
242,2266,grandmother
1803,2267,mother
2554,2267,father
791,2268,grandmother
3234,2269,father
2346,2270,grandfather
4202,2271,grandmother
1764,2271,grandfather
3828,2272,father
29,2273,mother
2975,2274,grandfather
3397,2275,mother
2939,2275,grandmother
1745,2276,grandmother
405,2276,grandfather
210,2277,father
3536,2278,father
2941,2278,grandmother
4346,2279,grandfather
185,2280,others
4540,2281,mother
2676,2282,grandfather
2193,2283,father
1789,2283,grandmother
4003,2284,father
530,2285,grandfather
4618,2286,grandmother
995,2287,mother
3733,2287,father
2089,2288,mother
1733,2289,others
2114,2290,father
1796,2291,grandfather
3953,2292,mother
3287,2292,grandmother
4080,2293,father
1432,2293,grandmother
35,2294,mother
2111,2295,others
2123,2296,grandmother
4597,2296,grandfather
3987,2297,mother
3302,2298,grandmother
1195,2299,father
440,2299,grandmother
2752,2300,grandmother
1742,2301,father
3330,2301,grandmother
79,2302,grandmother
4,2302,grandfather
4714,2303,mother
3483,2303,father
3423,2304,mother
3901,2305,father
3617,2305,grandfather
508,2306,father
2053,2306,grandmother
3256,2307,others
3945,2308,father
1760,2308,grandmother
4465,2309,father
1559,2309,grandfather
2532,2310,others
4177,2311,mother
3145,2312,others
3766,2313,father
1119,2314,father
1214,2315,father
441,2315,grandfather
1906,2316,grandmother
1957,2316,grandfather
3130,2317,others
4176,2318,mother
1992,2318,father
167,2319,grandmother
1682,2320,mother
4749,2320,grandmother
3866,2321,father
2659,2321,grandfather
2568,2322,others
3168,2323,grandfather
3616,2324,mother
4837,2324,grandmother
1654,2325,grandmother
3085,2326,grandmother
483,2326,grandfather
3393,2327,father
2586,2328,mother
1636,2328,father
4445,2329,father
2464,2330,mother
1735,2330,grandmother
1128,2331,mother
3254,2331,father
3702,2332,grandmother
3915,2332,grandfather
3447,2333,father
3137,2333,grandmother
3690,2334,others
2650,2335,mother
2768,2336,grandmother
2072,2336,grandfather
3694,2337,mother
3923,2337,grandmother
14,2338,grandmother
4988,2338,grandfather
1514,2339,grandmother
1731,2340,grandmother
3465,2341,father
253,2341,grandfather
2376,2342,father
1326,2343,father
1587,2343,grandmother
3745,2344,mother
2523,2344,grandmother
2143,2345,grandfather
4333,2346,father
1865,2346,grandfather
4721,2347,mother
2834,2347,grandmother
1447,2348,grandmother
2633,2349,grandmother
659,2349,grandfather
632,2350,father
2967,2351,grandmother
685,2351,grandfather
2281,2352,grandmother
1539,2353,grandmother
4490,2354,mother
2901,2355,grandmother
3782,2356,mother
868,2356,grandmother
268,2357,father
2490,2357,grandmother
1583,2358,mother
3634,2359,grandfather
2930,2360,mother
4561,2361,grandmother
3731,2362,grandmother
1169,2363,father
1908,2364,grandmother
4068,2364,grandfather
457,2365,father
3457,2365,grandfather
338,2366,mother
4402,2367,father
441,2368,father
4700,2369,others
815,2370,grandmother
1611,2370,grandfather
2504,2371,mother
997,2371,father
2432,2372,father
182,2373,father
902,2374,others
520,2375,grandmother
2390,2376,mother
4642,2376,grandmother
407,2377,grandmother
2105,2378,father
1594,2378,grandfather
841,2379,father
998,2380,father
4248,2381,mother
928,2381,grandmother
4042,2382,others
262,2383,father
2954,2383,grandmother
467,2384,mother
2300,2384,father
2892,2385,mother
1650,2386,father
939,2387,mother
1961,2387,father
2753,2388,grandmother
576,2388,grandfather
1704,2389,father
4798,2390,mother
1536,2390,father
602,2391,father
4588,2391,grandfather
4695,2392,grandmother
3824,2392,grandfather
2405,2393,father
2812,2393,grandfather
3216,2394,grandmother
4035,2394,grandfather
4654,2395,mother
909,2395,grandmother
2811,2396,father
3869,2396,grandmother
1728,2397,grandfather
938,2398,mother
4140,2398,grandmother
4970,2399,father
1170,2399,grandmother
1004,2400,mother
4106,2400,grandmother
2640,2401,grandfather
643,2402,grandfather
1360,2403,mother
4965,2403,father
2578,2404,mother
1690,2404,father
4855,2405,grandmother
509,2406,grandmother
194,2407,mother
4278,2407,father
3670,2408,mother
438,2408,father
3660,2409,father
4764,2410,mother
737,2411,father
2900,2411,grandfather
1384,2412,grandmother
3452,2413,mother
2503,2413,grandmother
1159,2414,mother
3946,2414,grandmother
2767,2415,father
3248,2415,grandmother
2856,2416,mother
4024,2416,grandmother
1203,2417,mother
3116,2417,grandmother
3661,2418,father
840,2419,mother
3852,2419,grandmother
2203,2420,grandmother
677,2420,grandfather
1531,2421,grandmother
3795,2422,grandfather
446,2423,grandmother
338,2424,others
3861,2425,mother
1574,2426,father
2660,2427,father
1590,2427,grandfather
925,2428,mother
3895,2428,father
2209,2429,grandfather
3485,2430,father
2323,2431,grandmother
725,2431,grandfather
2435,2432,father
4292,2432,grandmother
1709,2433,mother
2657,2433,father
1538,2434,mother
378,2435,mother
2893,2435,father
105,2436,father
2130,2437,mother
2500,2438,grandmother
2689,2438,grandfather
2229,2439,mother
500,2439,grandmother
3748,2440,others
1209,2441,mother
913,2441,father
2092,2442,father
2953,2443,grandmother
2961,2444,father
4214,2445,grandfather
3214,2446,mother
3595,2447,grandmother
3332,2447,grandfather
1206,2448,others
4313,2449,mother
4326,2449,grandmother
4957,2450,father
2514,2450,grandmother
4475,2451,mother
4551,2451,father
4580,2452,mother
3927,2453,others
4714,2454,others
1889,2455,others
1683,2456,others
4123,2457,grandmother
96,2458,grandmother
1826,2459,father
3171,2459,grandmother
3997,2460,mother
1006,2460,grandmother
4507,2461,mother
202,2462,father
1861,2462,grandmother
2085,2463,father
2271,2463,grandmother
3178,2464,mother
3416,2464,grandmother
4479,2465,father
2756,2465,grandmother
2980,2466,father
1537,2466,grandmother
847,2467,others
1915,2468,mother
716,2468,father
237,2469,father
4300,2470,father
947,2470,grandfather
3461,2471,father
2427,2471,grandfather
705,2472,father
3055,2472,grandmother
3646,2473,father
2446,2473,grandfather
3675,2474,father
4220,2474,grandmother
1220,2475,father
4559,2475,grandmother
861,2476,father
2738,2476,grandfather
1350,2477,mother
3710,2477,father
3612,2478,grandfather
4724,2479,father
1505,2480,father
2524,2481,father
4973,2481,grandmother
230,2482,father
1343,2483,grandfather
731,2484,mother
4313,2484,grandmother
3226,2485,grandmother
4883,2485,grandfather
494,2486,mother
4559,2487,father
1919,2487,grandfather
1400,2488,grandfather
2017,2489,grandfather
2802,2490,grandmother
3939,2491,grandmother
4841,2491,grandfather
4767,2492,father
262,2492,grandmother
3237,2493,grandmother
2218,2494,mother
3504,2494,grandmother
685,2495,mother
4532,2496,father
4225,2496,grandmother
4611,2497,grandmother
4032,2498,mother
168,2498,father
3126,2499,father
3509,2499,grandfather
3359,2500,mother
791,2500,father
1319,2501,grandmother
2862,2502,grandmother
29,2503,grandmother
2415,2503,grandfather
974,2504,father
3261,2504,grandmother
2598,2505,mother
3955,2505,father
215,2506,father
2207,2506,grandfather
983,2507,mother
2095,2508,mother
4407,2508,father
823,2509,grandmother
608,2509,grandfather
2139,2510,father
3366,2511,father
4303,2511,grandmother
3520,2512,mother
2249,2512,grandmother
622,2513,father
1509,2514,mother
2554,2515,mother
2302,2515,grandmother
327,2516,father
2381,2516,grandmother
1777,2517,grandmother
1149,2517,grandfather
3162,2518,mother
3700,2519,father
3022,2519,grandfather
4389,2520,others
927,2521,father
2333,2521,grandmother
3430,2522,father
599,2523,father
4371,2524,mother
2016,2525,mother
377,2526,mother
2687,2527,father
3036,2527,grandfather
2660,2528,mother
3786,2528,father
1903,2529,mother
4228,2529,father
3419,2530,father
2424,2530,grandmother
4475,2531,father
3203,2531,grandfather
1547,2532,grandmother
607,2532,grandfather
1191,2533,mother
2207,2533,grandmother
2517,2534,grandfather
32,2535,father
2147,2535,grandfather
28,2536,father
2464,2536,grandfather
839,2537,grandmother
3463,2537,grandfather
458,2538,grandmother
4135,2539,others
2453,2540,mother
2303,2541,grandfather
2010,2542,grandmother
4827,2542,grandfather
2063,2543,father
3514,2544,mother
1826,2544,father
2712,2545,father
1314,2545,grandfather
3556,2546,mother
2216,2546,grandmother
2668,2547,father
924,2548,grandmother
2438,2549,mother
1759,2549,father
602,2550,father
4473,2551,others
2875,2552,father
4635,2552,grandmother
977,2553,grandfather
932,2554,father
2482,2554,grandfather
4629,2555,mother
3458,2555,grandmother
1061,2556,father
842,2556,grandmother
4630,2557,father
3338,2558,others
1605,2559,mother
551,2559,grandmother
178,2560,father
4171,2560,grandmother
4362,2561,mother
1477,2561,father
3215,2562,grandmother
2961,2563,grandfather
3778,2564,others
2052,2565,mother
3464,2566,father
3719,2566,grandfather
1630,2567,mother
1123,2568,others
1403,2569,others
119,2570,mother
1097,2571,mother
4938,2571,grandmother
4587,2572,mother
3067,2573,father
2318,2574,mother
710,2574,father
1504,2575,mother
3215,2576,grandmother
445,2577,grandmother
3985,2577,grandfather
851,2578,grandfather
461,2579,father
1070,2579,grandmother
3748,2580,mother
4613,2580,grandmother
3742,2581,mother
4234,2582,mother
1200,2583,mother
4796,2584,father
1184,2584,grandfather
2999,2585,father
3520,2585,grandfather
4633,2586,mother
1015,2586,father
4420,2587,mother
4415,2587,father
2622,2588,others
3103,2589,grandmother
944,2589,grandfather
1728,2590,mother
362,2590,father
1555,2591,father
3439,2592,mother
1060,2592,grandmother
2281,2593,mother
4579,2594,others
4011,2595,grandfather
3646,2596,father
2810,2596,grandfather
2038,2597,grandmother
4783,2597,grandfather
686,2598,mother
61,2598,grandmother
2207,2599,father
1406,2599,grandfather
1817,2600,others
1330,2601,grandfather
2621,2602,grandfather
4688,2603,mother
4754,2603,father
4890,2604,mother
3677,2604,father
2225,2605,grandfather
470,2606,others
1909,2607,grandmother
1083,2608,grandmother
2283,2609,mother
4342,2609,grandmother
2777,2610,mother
4697,2611,grandfather
2238,2612,mother
3044,2612,grandmother
2255,2613,grandfather
1420,2614,father
3343,2615,mother
4210,2615,father
3514,2616,grandmother
583,2616,grandfather
4232,2617,grandfather
285,2618,grandmother
4668,2618,grandfather
4391,2619,mother
1791,2620,grandmother
613,2620,grandfather
2901,2621,others
2219,2622,grandfather
2802,2623,mother
3593,2623,grandmother
2436,2624,father
381,2624,grandfather
585,2625,mother
519,2626,others
1501,2627,grandmother
3582,2628,others
2357,2629,father
4687,2629,grandmother
3688,2630,others
4228,2631,mother
2317,2632,grandmother
569,2633,grandfather
4720,2634,father
1350,2635,mother
4900,2636,father
2830,2636,grandfather
2568,2637,mother
3348,2637,father
2509,2638,grandmother
3067,2638,grandfather
1593,2639,grandmother
3790,2640,grandmother
3260,2640,grandfather
590,2641,mother
3130,2641,father
2854,2642,others
1952,2643,mother
4980,2643,grandmother
3703,2644,grandmother
4213,2644,grandfather
1024,2645,others
4717,2646,grandfather
1919,2647,father
506,2647,grandfather
1587,2648,mother
4661,2648,grandmother
3961,2649,father
3605,2650,grandmother
3433,2650,grandfather
4232,2651,mother
2807,2651,grandmother
941,2652,mother
3906,2652,father
2723,2653,grandfather
4003,2654,grandmother
2746,2655,father
4668,2655,grandfather
3408,2656,grandmother
2785,2657,mother
2997,2657,father
3938,2658,mother
1906,2658,father
3204,2659,grandmother
4441,2660,grandmother
1094,2660,grandfather
4332,2661,mother
4510,2662,father
1171,2662,grandmother
4044,2663,father
176,2663,grandmother
4810,2664,father
4352,2664,grandmother
1323,2665,mother
3357,2665,father
871,2666,father
2880,2666,grandfather
4459,2667,mother
1001,2667,father
2399,2668,others
4271,2669,father
4228,2669,grandmother
4428,2670,mother
3254,2671,grandmother
1599,2672,mother
925,2673,father
857,2674,father
3817,2674,grandmother
2414,2675,mother
1046,2675,father
4311,2676,father
2591,2676,grandfather
3724,2677,father
4932,2678,grandmother
489,2679,mother
3524,2679,grandmother
2615,2680,father
3964,2681,others
4351,2682,grandmother
1149,2682,grandfather
4315,2683,others
967,2684,mother
715,2684,grandmother
1406,2685,mother
2650,2685,grandmother
601,2686,mother
4207,2687,mother
4281,2687,father
150,2688,mother
1648,2688,grandmother
3884,2689,grandfather
1102,2690,mother
170,2690,grandmother
1364,2691,grandmother
2625,2692,grandmother
4542,2693,mother
2945,2693,grandmother
1393,2694,father
1835,2694,grandmother
1474,2695,grandmother
2232,2695,grandfather
1599,2696,grandmother
2155,2697,grandmother
593,2697,grandfather
4692,2698,mother
4417,2699,mother
2259,2699,grandmother
3870,2700,grandmother
2213,2701,mother
3843,2701,father
4067,2702,grandfather
3610,2703,grandmother
138,2704,mother
898,2705,mother
1945,2705,grandmother
256,2706,mother
4481,2706,grandmother
1262,2707,father
55,2707,grandmother
338,2708,grandfather
715,2709,mother
199,2709,grandmother
590,2710,mother
3789,2710,grandmother
298,2711,grandmother
2672,2712,grandmother
264,2712,grandfather
1512,2713,mother
4013,2713,grandmother
3678,2714,mother
2997,2714,father
3988,2715,father
3238,2715,grandmother
4775,2716,grandfather
1954,2717,others
1133,2718,father
1952,2719,mother
3737,2720,father
3275,2720,grandfather
3876,2721,grandfather
363,2722,father
2030,2723,father
2280,2723,grandmother
1895,2724,grandmother
2850,2724,grandfather
4084,2725,others
2662,2726,mother
1795,2726,grandmother
700,2727,grandfather
4578,2728,grandfather
4019,2729,mother
4340,2729,father
3365,2730,grandmother
3839,2731,mother
572,2732,grandmother
2120,2732,grandfather
1535,2733,others
4272,2734,mother
1108,2735,others
1916,2736,mother
615,2736,father
1167,2737,father
3485,2737,grandfather
4971,2738,mother
348,2738,grandmother
3441,2739,grandfather
2410,2740,grandfather
1910,2741,father
105,2741,grandfather
1761,2742,father
1871,2742,grandfather
4585,2743,mother
1519,2743,grandmother
1118,2744,mother
3230,2744,grandmother
2392,2745,grandmother
4578,2745,grandfather
3380,2746,grandmother
4164,2747,grandmother
2369,2748,grandfather
3884,2749,father
3802,2749,grandmother
1874,2750,father
1257,2751,father
2907,2751,grandfather
3447,2752,mother
3347,2752,father
400,2753,others
2046,2754,mother
3708,2755,mother
262,2755,grandmother
3401,2756,grandfather
270,2757,grandfather
2038,2758,mother
2669,2759,mother
623,2759,father
3125,2760,grandmother
4302,2760,grandfather
3523,2761,father
1493,2762,mother
4764,2762,grandmother
3013,2763,grandfather
758,2764,grandmother
413,2764,grandfather
594,2765,mother
4934,2765,father
1537,2766,grandmother
543,2766,grandfather
2855,2767,grandmother
2377,2767,grandfather
3233,2768,father
565,2768,grandfather
4291,2769,father
4711,2769,grandfather
2971,2770,mother
2482,2771,mother
4671,2771,father
2496,2772,mother
3140,2772,grandmother
2106,2773,others
4215,2774,grandmother
2384,2774,grandfather
2017,2775,father
3477,2775,grandfather
47,2776,grandmother
44,2776,grandfather
3639,2777,father
636,2777,grandmother
2609,2778,mother
2672,2778,grandmother
2404,2779,mother
868,2779,grandmother
1730,2780,grandfather
2982,2781,grandmother
1367,2781,grandfather
508,2782,grandmother
2396,2783,grandfather
3005,2784,others
2051,2785,father
4378,2785,grandmother
541,2786,mother
1808,2786,grandmother
3016,2787,mother
3820,2788,others
394,2789,mother
4951,2789,father
4715,2790,others
1317,2791,father
561,2792,grandfather
4086,2793,mother
2961,2793,father
116,2794,mother
2599,2794,father
4813,2795,father
3416,2796,grandfather
1428,2797,mother
3562,2798,grandmother
469,2799,father
2608,2799,grandmother
4658,2800,grandfather
679,2801,others
2246,2802,mother
1401,2803,mother
3522,2804,grandmother
981,2805,mother
647,2805,father
1723,2806,father
2388,2807,father
3633,2808,others
2689,2809,grandmother
64,2810,father
4744,2811,mother
683,2811,grandmother
2921,2812,mother
3294,2812,grandmother
4965,2813,grandmother
3200,2814,mother
2966,2814,grandmother
4593,2815,grandfather
73,2816,father
2763,2816,grandfather
3999,2817,grandmother
3619,2817,grandfather
50,2818,father
1091,2819,father
4546,2820,father
2067,2821,grandmother
147,2821,grandfather
2754,2822,father
4909,2823,grandmother
1838,2823,grandfather
293,2824,mother
1039,2824,grandmother
1999,2825,others
4014,2826,father
2786,2826,grandfather
3058,2827,grandmother
264,2827,grandfather
4690,2828,father
1032,2829,mother
843,2829,father
559,2830,grandfather
3151,2831,father
1489,2831,grandmother
1494,2832,others
1782,2833,others
4237,2834,mother
1861,2834,father
3030,2835,others
2313,2836,grandfather
2476,2837,father
1182,2837,grandfather
4027,2838,mother
4405,2838,grandmother
2067,2839,mother
3870,2839,father
4009,2840,father
573,2841,mother
2170,2841,father
2522,2842,others
4817,2843,grandfather
3681,2844,father
2109,2844,grandfather
1206,2845,mother
3873,2845,grandmother
1164,2846,father
2955,2846,grandfather
806,2847,grandmother
3524,2847,grandfather
2311,2848,grandmother
4388,2849,mother
745,2850,grandfather
2976,2851,father
2192,2851,grandfather
3883,2852,father
4611,2852,grandfather
4918,2853,mother
2328,2853,father
3778,2854,mother
1524,2854,grandmother
4690,2855,mother
1468,2855,grandmother
3333,2856,father
2589,2857,mother
4952,2857,grandmother
504,2858,grandmother
4287,2858,grandfather
3692,2859,grandmother
2006,2859,grandfather
773,2860,mother
1659,2861,grandmother
2915,2862,grandmother
163,2862,grandfather
2540,2863,mother
2992,2863,grandmother
4502,2864,father
4514,2864,grandfather
1982,2865,mother
2458,2866,grandmother
1052,2866,grandfather
2505,2867,grandmother
3834,2868,grandmother
696,2868,grandfather
1289,2869,grandmother
534,2869,grandfather
1107,2870,mother
753,2870,father
3900,2871,mother
2195,2871,grandmother
4748,2872,mother
1289,2872,father
2639,2873,mother
4178,2873,grandmother
4487,2874,mother
3151,2874,father
35,2875,grandfather
3542,2876,grandfather
373,2877,grandfather
1314,2878,mother
2015,2878,grandmother
3766,2879,grandmother
4644,2879,grandfather
4219,2880,mother
140,2880,father
1512,2881,grandmother
2278,2881,grandfather
2964,2882,father
2739,2882,grandmother
4264,2883,mother
2611,2884,father
531,2884,grandmother
922,2885,grandfather
2466,2886,mother
719,2887,others
4870,2888,father
4985,2888,grandmother
2405,2889,grandmother
2464,2889,grandfather
1064,2890,mother
3993,2891,father
1519,2891,grandfather
3487,2892,mother
1522,2892,father
2682,2893,father
1705,2893,grandmother
2568,2894,father
4396,2895,father
3952,2895,grandmother
2835,2896,mother
1940,2896,father
3666,2897,grandmother
4700,2898,mother
1568,2898,grandmother
3576,2899,father
863,2899,grandmother
1095,2900,father
3427,2900,grandmother
2418,2901,mother
2693,2902,mother
1859,2903,mother
4190,2904,father
2264,2904,grandmother
3698,2905,father
1085,2905,grandmother
2174,2906,mother
263,2906,grandmother
1795,2907,father
4520,2908,grandfather
4204,2909,mother
2781,2910,mother
4512,2910,father
1537,2911,grandmother
1822,2912,mother
2547,2913,grandmother
702,2913,grandfather
4732,2914,father
2856,2915,grandmother
4463,2916,grandfather
794,2917,father
4172,2918,mother
4767,2918,grandmother
4593,2919,father
2343,2919,grandfather
1725,2920,mother
1759,2921,father
3281,2922,grandmother
2526,2923,others
745,2924,father
4584,2924,grandmother
318,2925,grandfather
3446,2926,father
4514,2927,mother
273,2927,grandmother
3825,2928,father
2081,2928,grandfather
4312,2929,mother
3991,2930,father
2759,2930,grandmother
1553,2931,mother
641,2931,father
2374,2932,grandmother
548,2932,grandfather
1432,2933,grandfather
4645,2934,mother
3936,2935,others
398,2936,grandmother
4380,2937,mother
1535,2937,father
2095,2938,father
3673,2939,father
4914,2939,grandfather
835,2940,grandmother
31,2940,grandfather
2667,2941,father
780,2941,grandmother
3124,2942,father
2308,2942,grandmother
3681,2943,mother
1787,2943,grandmother
4347,2944,mother
2771,2944,grandmother
1715,2945,father
1131,2945,grandmother
3286,2946,mother
3852,2946,father
801,2947,mother
1956,2947,father
434,2948,mother
2946,2948,father
1262,2949,mother
1519,2950,father
2912,2950,grandfather
4774,2951,mother
1074,2951,grandmother
4729,2952,father
2477,2953,father
4968,2953,grandmother
1005,2954,mother
3527,2955,father
356,2955,grandfather
1008,2956,mother
1055,2956,grandmother
4502,2957,father
2088,2957,grandfather
4862,2958,mother
3929,2958,grandmother
3048,2959,mother
4976,2959,father
2537,2960,father
1941,2960,grandfather
4106,2961,father
2850,2961,grandfather
4062,2962,father
3847,2963,mother
4423,2964,father
3512,2964,grandfather
344,2965,mother
3946,2966,father
990,2966,grandmother
2396,2967,grandmother
4839,2967,grandfather
4637,2968,grandmother
1628,2968,grandfather
2520,2969,grandmother
3427,2970,father
491,2970,grandmother
345,2971,mother
4384,2972,grandmother
4462,2972,grandfather
2741,2973,grandfather
3994,2974,mother
1575,2974,father
1560,2975,grandmother
3473,2976,mother
1206,2976,father
854,2977,father
266,2977,grandfather
2001,2978,grandmother
4870,2979,father
1215,2979,grandmother
3755,2980,grandmother
2461,2981,father
3164,2981,grandfather
3288,2982,mother
1489,2982,grandmother
2337,2983,father
1774,2984,father
4767,2984,grandmother
2718,2985,mother
4836,2985,grandmother
3238,2986,others
3286,2987,father
2212,2988,mother
3018,2988,grandmother
2902,2989,grandmother
3866,2989,grandfather
4354,2990,father
4475,2991,father
667,2992,mother
3735,2992,grandmother
3652,2993,father
2853,2994,grandfather
3130,2995,father
845,2996,mother
1683,2996,grandmother
2362,2997,mother
994,2997,grandmother
3289,2998,grandmother
3151,2999,father
2591,2999,grandfather
1673,3000,grandmother
