user_id,username,password,plain_password,email,role,is_active,last_login,created_at
1,tea_dani.johnso,10cfd6c5f298f9292649bc078d327bd617c8a88fe48df42533f82e4c36b57098,n>sW2>vhmT8w,tea_dani.johnso@rice-lopez.org,teacher,True,2025-03-31 13:15:59.066419,2023-09-11 19:02:54.843818
2,tea_josh.doyle,a7d1117daf4b5ed174c1c6e96c2a42cff8d14e67483339cc1a7003033abf32c2,",R+3t|ZFepEY",tea_josh.doyle@murray.org,teacher,True,2024-11-13 10:12:17.615438,2025-02-01 06:19:26.960526
3,tea_eric.miller,19d3c9051845079b8cc4df051cc86cd6ccf19c670ab8df292a67c46f8a143d82,",W/<.l7,W",tea_eric.miller@schaefer-cochran.com,teacher,True,2025-02-18 11:07:41.643404,2022-12-16 12:41:18.115425
4,tea_robe.robins,4146b33ffe1b3828e90a4487265327f630f1f014517dfbaef13751e21e97356e,c+__9J/m+x,tea_robe.robins@hodges-moore.biz,teacher,True,,2025-04-14 17:35:10.646375
5,tea_will.johnso,4c60d165772f25c08f1946c45ff6cdc4a42c25706e13ce5386136d64260de81e,A.px[/xa)5O,tea_will.johnso@miller.com,teacher,True,2024-12-23 06:19:30.267071,2022-12-20 16:51:51.342285
6,tea_jame.santos,bf9f52f5f09ab5ddcc967dbba9e56a8944b8a20643ac3313bd5bb7a044e213cf,MU*v2.aFM,tea_jame.santos@peterson.com,teacher,True,2024-12-01 07:44:20.299977,2024-03-02 19:25:32.471531
7,tea_amy.robins,3d4f822a475353572747824bd7826c57c0aa7b73181bebcca135f928ee3e5256,.&4r_!/O%T,tea_amy.robins@flowers-miller.com,teacher,True,2024-11-30 16:58:22.632190,2025-01-01 03:35:00.772956
8,tea_brid.smith,1d416cb09a021cc86c00a39edbc3107cf46e0fe0fd1e0df640cf177456ac92e2,"}2j(GHW,",tea_brid.smith@rojas.org,teacher,True,2024-12-20 08:53:52.270854,2022-11-03 14:11:03.135713
9,tea_lind.wolfe,8b4d852d2eed2bcc9edcee90c0aeb1663964f45c75a6fd82a5a2b730f9f8d623,G>2/s&Aj,tea_lind.wolfe@griffin.com,teacher,True,2024-09-16 10:57:09.944144,2022-10-13 15:27:32.792693
10,tea_matt.bernar,edcac2a439fa5fe807f5b0674be8031628e9b3692d5eea6c9b45b317d24fba81,V-.:$]u1t,tea_matt.bernar@middleton-richards.com,teacher,True,2025-02-28 19:15:57.363487,2023-06-18 03:00:41.943965
11,tea_matt.davis,8e45eba10fb387420f91372ad681c20b69c639273bb30651fb8cfff5e6da1b8f,d]FjIp&o?(0,tea_matt.davis@calderon.com,teacher,True,2025-02-03 18:12:40.066960,2023-09-25 20:20:37.138199
12,tea_mela.munoz,6fcae6330875357257718db9fdf4aa6e252eb0e665ffd08b1f96e2dd6c294177,XxS>&([Z9+,tea_mela.munoz@smith.com,teacher,True,2025-01-05 02:20:49.612789,2022-05-26 13:49:52.482396
13,tea_lind.herrer,6827733c777d60b0bb9f59aa8cc27e9707e8217763cd3c390f0738c60803f298,>]1`6x4T7#KJ,tea_lind.herrer@martinez.com,teacher,True,2024-05-07 23:31:50.889167,2025-03-19 23:09:47.791589
14,tea_tere.arnold,34ac351d908c8475d9b94a244338741cc87875c85986d8239f126bd51b6320be,N;lN0Ol;k,tea_tere.arnold@martinez.com,teacher,True,2024-12-26 05:31:45.217893,2023-04-15 00:06:09.376020
15,tea_mari.montgo,e5e23f378e5c7fda09ac8dc9f98964d82f64b4ecdf92118189aabaea4cbef04c,2>$r9@$?,tea_mari.montgo@sanchez.com,teacher,False,2024-11-29 19:19:18.396146,2024-05-29 19:52:55.083312
16,tea_mich.ray,f4ae9b8de8ea5cc8ab47773661fd7e6da8e0eeea6dac74457b9d3c479517ef98,Zb{ya2~&,tea_mich.ray@mckenzie-salinas.net,teacher,True,2025-01-21 02:40:32.941381,2022-06-20 11:51:56.732162
17,tea_jane.perez,4a06d9b69c6502b8adb00a23a5de059ce6ff069208114472c8d6d901c24418d0,?]f]5v>^CwjU,tea_jane.perez@brown-taylor.com,teacher,True,2025-01-20 04:21:54.337058,2022-12-17 01:08:14.499962
18,tea_keit.miller,e1de6840bce944b8b5617acfc1179c3ea99e4a34a55775055e735071d52bbd14,2@WvVoR>,tea_keit.miller@bullock.net,teacher,True,2024-11-01 09:32:05.321809,2023-06-24 02:13:19.618294
19,tea_jess.garcia,cb803a264872a8fb7feb1e6c8c6d629530d070767ca6b57296c0e1a668edffa9,LM9LHBa|,tea_jess.garcia@taylor-gonzales.com,teacher,True,2025-01-11 06:14:52.836564,2023-11-14 03:07:51.284235
20,tea_josh.diaz,fb7f99dbfa9a3cb306613c057be6f7673ad9aa9f5d5b2d6ba3e7958087947ce2,:$e7}!hTa{,tea_josh.diaz@morales.org,teacher,True,2024-05-26 05:06:12.946891,2022-05-12 11:37:38.743700
21,tea_mitc.clark,560f306b8a9687fce4aa36653338f66d3e12f2a8b1c2e4ded996456d4d8330ad,!zk^$t0p,tea_mitc.clark@stephens-cantrell.biz,teacher,True,2024-06-06 04:01:23.600708,2024-03-28 03:16:27.908266
22,tea_jose.zuniga,49972966c7272d1422279b86ac918d7a8a8199705a95e667a74c44679da0d0e9,C8YVMU2x&I,tea_jose.zuniga@cole-sanchez.com,teacher,True,2025-03-14 13:23:52.465748,2024-10-19 15:07:30.822371
23,tea_debo.lynch,105fa90965d2f632a226c10e0fba4ec43ac7807e0e64e3aa1f552006e352e5fd,urT3aT`zoyK,tea_debo.lynch@richards.com,teacher,True,2024-09-11 14:02:00.812200,2024-09-16 03:32:50.684881
24,tea_geor.martin,9bbecf559eea4fbbbcc7d005de0945ab1a8eea67a91c58f59022d03febbaf14e,eu<z9<Ip1!,tea_geor.martin@garcia.com,teacher,True,2024-09-24 16:00:52.434910,2024-05-17 12:15:13.610594
25,tea_noah.mayo,a15a7e93d5b719739a801cc61c6e0f611f8120021e0bf6a6e9e501cbb23038e8,2[b39LK!k,tea_noah.mayo@keller.com,teacher,True,2024-10-23 09:26:10.964329,2022-11-19 19:02:13.218510
26,tea_dani.hawkin,fa45bd926d68f7bd24d6f1489ef0cba05af336a70d836fc3728f1db5928570b2,2z8`n~#{x,tea_dani.hawkin@wyatt.org,teacher,True,2024-10-05 05:40:04.213434,2024-08-20 16:36:37.882071
27,tea_gabr.parson,007b2fe96ad4a73294df0907ea52260c6cd0af63910c7fcca9ea9c4c9a599862,c{zlgW0^N,tea_gabr.parson@ortiz-cooper.com,teacher,True,,2023-03-23 21:50:53.475820
28,tea_jere.stewar,1ead85f70d1db8e6d619b7e42be75962db7c144c026b013def177afb7bee605e,R29h$2:gM,tea_jere.stewar@miller.biz,teacher,True,2024-06-01 03:01:08.817807,2025-01-07 11:56:01.250402
29,tea_jose.clark,f0138f062b09ca2a99e83fc0e2b3e038275875194446a5e82ee27507b9b1e587,1FOgxfag.P,tea_jose.clark@kidd.com,teacher,True,2024-09-03 10:30:08.460060,2024-12-15 08:49:31.873945
30,tea_sher.walter,abc426715b44aee8074db38e79f5b7bd96e8a376b9a9e3e449dbe96ef420ddcd,m3xG!UQMom<b,tea_sher.walter@ellison.com,teacher,True,2025-04-21 00:25:03.431296,2022-06-14 17:59:12.687252
31,tea_leon.rios,e80f5548af683e28ed621c2d52e566ada79ad42621226e035318d16739937669,"pf+,yy`5m",tea_leon.rios@castro.com,teacher,True,2024-05-07 04:34:24.005158,2022-10-08 01:25:14.994261
32,tea_rand.rocha,07fb797169b1ccaceee17b3df2e59bcc2f16b4d090b0a76eb392dd2598150264,M8z&tfqy1(,tea_rand.rocha@clark-taylor.net,teacher,True,2025-03-18 18:58:41.488105,2023-02-17 04:32:10.397223
33,tea_step.baker,d49fb96c56531918e8db534f4de0dfc826c88f9144dff5f0430fd3a4d4c9b6fb,SU5|p3i91^#c,tea_step.baker@rhodes-chavez.net,teacher,True,2025-02-03 22:00:44.960430,2023-01-11 14:43:21.977783
34,tea_john.hoffma,feaf5833310b790b6af0e4e04455be738745fda553c2a7dc14ae61cd984bd87a,&$jv4$X)X,tea_john.hoffma@bauer-house.org,teacher,True,2024-10-01 13:27:36.202908,2024-09-24 07:02:16.722390
35,tea_jose.richar,78e2cb8ca61611520e72e2c41a152e2b942e541cfeca562eb234a1dd46d5b696,au_B+~b$6,tea_jose.richar@simpson-green.org,teacher,True,2024-12-19 01:31:34.796153,2024-05-31 23:42:46.710662
36,tea_rach.ross,e4ccc7f543ac5b4365b240ec2ea53b7211c64665ff920005e73414a295e9c6ab,VPk`(Hr0{L,tea_rach.ross@hudson.net,teacher,True,2024-11-16 03:35:55.618492,2024-11-30 00:45:52.676119
37,tea_jeff.bright,a3edaf8ae28c0cd90410ac7cd1379afe63dbaf43efa88275823cd6cc4c06e0c4,](A4CPIA,tea_jeff.bright@hicks.com,teacher,True,2024-06-14 00:49:20.589502,2024-06-17 06:23:50.170669
38,tea_will.davis,3ecfd95ecd206de70e698466600450cdb7a167fe906a18cef35e39ff9c3030ff,t5D3Vs9l@x6,tea_will.davis@medina-orozco.com,teacher,True,2025-03-09 02:38:56.126467,2022-09-16 18:37:16.723504
39,tea_bran.rodrig,aa993b614a3668aed50a728191fc1427c1fa8dd15487d318a24bf59a8b78e3f8,Y?]yisj2F,tea_bran.rodrig@beasley-smith.biz,teacher,True,2025-02-22 13:38:49.817035,2025-03-21 10:07:40.461594
40,tea_cour.conner,fbac9f66b6296b8a4695e745106c34ee6b4177eb8d8af05e413667baa71692b3,n*R`kzr9-4u,tea_cour.conner@mccormick.com,teacher,True,2025-02-11 11:18:16.223304,2024-08-20 15:29:14.248048
41,tea_robe.brown,433e7623a6050360dba0c33a9819d22deaa594cc40d9d7d3312056b25cc0f632,n*Ln$1saC,tea_robe.brown@harris.org,teacher,True,2024-11-04 04:55:16.030006,2023-11-28 10:35:06.982076
42,tea_patr.rice,f5e3b2a714e71f9b516d31565bca854f9d1ba471ac62e6c67eddd51e01d82b58,pUkf]tw2^,tea_patr.rice@hunter.net,teacher,True,2024-10-22 19:01:47.184927,2024-04-17 23:43:25.294586
43,tea_tash.smith,534960cfb82137c5e2f6bd6255eca1ec7eb6aaebe053bffbd6b396600a54b794,"VHjat,sOsX5",tea_tash.smith@nixon-walker.com,teacher,True,2024-07-21 11:52:01.324790,2023-03-11 20:02:12.728744
44,tea_jenn.herrer,f9e7ac2a5f6334e4844996f40c27a82bb3ed8026bb029cfeffed03d625edf9b6,io_2JslPqxX,tea_jenn.herrer@cole-calderon.com,teacher,True,2024-07-28 02:31:10.370086,2022-05-13 22:11:27.761072
45,tea_jose.rodrig,d7d2893e1debd90d7b4619511b0139b8b85f56e445fa07f327407607634a0e78,"/0];Qr,FX1(",tea_jose.rodrig@dean.com,teacher,True,2024-07-13 15:51:42.781611,2024-10-25 15:35:02.687347
46,tea_ryan.mckay,9f7251d6085dce3ad4ba3d3291331a8ee6447e4e9cf2cbd7fa94f16582dcedee,&DXk=1^_/C~l,tea_ryan.mckay@costa-lopez.com,teacher,True,2024-09-25 18:24:17.681506,2023-05-21 17:53:42.618829
47,tea_nanc.mason,ed99a9192a96786776ae221af361d0e9e788e615bdb0b74413d20085733bdf31,U)8rohSU,tea_nanc.mason@booker.com,teacher,True,2024-12-29 11:27:39.502426,2022-11-07 09:13:05.477533
48,tea_guy.harrel,9d01f1613a3fc16b7c69d33c10fe67ab5f059d8560fa8fce7745699fbef9c9b0,L6s(1FACh,tea_guy.harrel@kline.com,teacher,True,2025-01-23 15:52:52.029874,2023-05-29 20:59:09.053751
49,tea_kenn.fowler,9e0187fb5213e94305229d06ec3507d3b245b35703340b5b4596d7dc03f47aa1,Wd~2Vg~n.,tea_kenn.fowler@anderson-adams.com,teacher,True,2024-05-28 09:05:39.467935,2022-07-05 16:53:16.605773
50,tea_chel.hernan,7cd83a0d39e73f18ebefdb283cf7655db8d625ec17a2383c519aa56d09d1ef03,udsUskFjb-1t,tea_chel.hernan@simpson.com,teacher,True,2024-11-26 12:56:30.072512,2022-10-26 12:33:33.143397
51,tea_kath.ryan,224704d85ebb596d5717856e224bb521c8490d3a6edaabcd5ebb734477049cdf,^~M80R4:/,tea_kath.ryan@cuevas-allen.net,teacher,True,2024-12-25 02:36:10.464968,2022-07-08 21:09:12.554615
52,tea_kimb.smith,3a9368a6c5ce70aefbf3d5222f6772e48b28571c5541819aeed78dd52b32de05,2?6(H_#N,tea_kimb.smith@klein-collins.com,teacher,True,2024-06-25 20:03:59.398738,2023-03-04 06:08:34.281942
53,tea_mari.hickma,d1db7c162dfabca47a61e4bc7cc2d8b390c2825c01e241cddf5c4ef1c077445a,CYx)]j/79,tea_mari.hickma@johnson-cross.net,teacher,True,2024-10-24 12:53:47.290740,2024-07-28 08:27:53.321373
54,tea_nata.decker,2e937054b855c2909b769f7b0a2bd46722d727bb5849b677bfda69afb75f65d1,vgV:2yInnjU,tea_nata.decker@glenn-andrews.com,teacher,True,2024-07-10 03:06:16.205065,2023-06-17 14:31:59.731625
55,tea_kyle.brown,aef5acf0490c0d4305c6b9dad5e839494fd6ab1075d3038e63222ca611f9609e,Ik--f-9f,tea_kyle.brown@wilkinson-leon.com,teacher,True,2024-08-17 22:43:57.558398,2023-02-19 01:42:16.531224
56,tea_nata.arroyo,4b31e56c449a0aea28d2a7d619bfb1ea65029c335b94965fd7a84e6604ec9824,~>mQ0#m#td,tea_nata.arroyo@brewer.com,teacher,True,2024-11-15 01:11:57.747582,2024-03-16 01:41:05.271004
57,tea_chri.jones,c1eeb1f4c97818ffa077da3f25bf347d1b25619640c203906c375d5428904c70,eLut?7k|lDB?,tea_chri.jones@lee.net,teacher,True,2024-10-08 19:32:43.915206,2024-05-27 01:01:46.708366
58,tea_kath.cannon,72965b21bc86862bb112c89d5a2d4c2b2ab5f13055a7fb5438c2af2a3104b2b4,"#%],%R5qR",tea_kath.cannon@williams.com,teacher,True,2024-11-19 15:31:29.003861,2023-09-08 06:50:02.721360
59,tea_davi.pierce,2bad6d33ec314dad0cac4de18db5df6d21cc3bec175b49bd40efc8d6e2cdd490,@mbsN(l@m6O,tea_davi.pierce@jackson.com,teacher,True,2024-05-15 18:47:15.344761,2023-05-06 23:56:34.864885
60,tea_jose.brenna,877a8c62e3d8efe25cf65f0fafae6a5d53400174209f05b8f2949f188b3d5cca,"6H8G4,rp",tea_jose.brenna@myers.com,teacher,True,2024-05-29 18:20:55.965013,2023-06-03 13:50:25.099318
61,tea_rodn.lewis,2b8d89b1c62ee89a11346e9dc0d40c13ba42f77ea223b9489ff241ef4d724c36,KZ0}?q4U$},tea_rodn.lewis@mullen-silva.com,teacher,True,2024-09-04 23:20:11.283981,2023-10-08 00:40:50.687086
62,tea_ambe.blair,45e853ac059127900045a9e09dfa7a8b9e4c5ce28ca64b4a7ebeef86fe7da7ee,#5H?f}:hF~),tea_ambe.blair@johnson-davis.com,teacher,True,2024-06-23 01:07:23.984904,2025-03-16 10:43:22.504826
63,tea_jame.collin,aa5b29e6ab880bcbab4399bb9a97a09f9e1f020e5acb8ca96f34da5d69a02b30,Wu-ZjCX7<l,tea_jame.collin@sheppard.org,teacher,True,2024-10-19 17:16:24.014132,2022-11-28 08:02:42.331484
64,tea_wand.santos,aa801ac17f57c8aea6b2f91f89e1d1a45dc489d14926e37796dfeaefda1fed8e,R]!B~8oJ6e*t,tea_wand.santos@pena.com,teacher,True,2024-06-07 07:52:07.129787,2022-12-14 10:16:51.902126
65,tea_samu.holmes,f36a7a8d27ffd1996e1816941040638b9f8e98ad3c4ef55a06c8a6c2ee157935,O-e[WhU38,tea_samu.holmes@knight-paul.info,teacher,True,2025-03-23 06:14:41.886206,2024-04-21 11:31:02.638577
66,tea_davi.walker,cde847948f911bedbfe1591bf0e59a31584356f9f4abc456d10c460ea418b64a,?2IG;wks,tea_davi.walker@thomas-wilson.com,teacher,True,2024-08-27 15:54:30.316100,2025-02-07 23:55:38.528261
67,tea_matt.hall,935d9347d4fded60790765a01453c67ab0e149d9332df159a0876aa101916442,51^B<Hxgl2,tea_matt.hall@paul-sparks.info,teacher,True,2024-06-13 16:42:03.611881,2022-11-03 21:01:08.999314
68,tea_jeff.welch,b55371e585b354115bca3e50b0a483aa3272e0407d08195577c84c79f540f757,zS198&/u~,tea_jeff.welch@wells.info,teacher,True,2024-08-05 23:24:53.432410,2023-01-28 00:10:26.713593
69,tea_jere.whiteh,01ae505d94f635a924cb491b94ac5fc4abd9e4f56b2075b283942cacd3a47c6a,Obt6s@Oo>0H%,tea_jere.whiteh@lucero.com,teacher,True,,2024-08-13 23:19:40.542890
70,tea_mich.young,77a5fd5cb2909eb734b135b811962e95f7b396d439e71e72c92a3cb404582650,;5;=meBy1,tea_mich.young@vincent-arias.com,teacher,True,2024-07-10 06:02:24.007187,2022-10-09 17:15:18.316068
71,tea_eliz.anders,7f89c7f432ef40619d2863d8df5e609560130b8fe3260fa731f3b16a82724000,"N#p~@,600TT*",tea_eliz.anders@sanders.org,teacher,True,2024-08-10 17:44:41.032968,2022-08-02 20:20:06.605196
72,tea_sele.duncan,0a4263b48c6028009b8f88e5e5b6437d49138d0731152b7cb48278ec767c0d7c,ow62Vw([u*,tea_sele.duncan@sloan.com,teacher,True,2024-08-23 14:24:42.295406,2024-10-22 18:54:01.395445
73,tea_thom.muelle,de4ed581021c73f5d67c1e63bd0f8796951f439eaf5012f569ecebe7047289e7,0n@}*m;4#=e,tea_thom.muelle@ware-bennett.com,teacher,True,2024-07-19 05:28:33.957892,2022-11-20 19:15:04.332689
74,tea_lind.lee,2c413b6476d07b2c5b4fcee71ed581328b3d4eee30bfd7d1269c14f95037b717,C6(Woz8pS,tea_lind.lee@garrett.com,teacher,True,2024-10-22 22:48:43.214962,2022-07-30 03:28:02.265575
75,tea_coll.jordan,c0cb2829411c2068c55b037bafd745ad4f137808d948337555c83a2e233364cb,N1>Ea1ebdtV,tea_coll.jordan@morrison-evans.net,teacher,True,2024-05-12 23:22:09.648455,2025-04-02 06:38:22.039366
76,tea_rodn.owens,fe1c72e7fd806eef7f2b042a6cf3064e84655bdd876fd65e332f0eaf094512fd,OQv_3E)Yy{:Y,tea_rodn.owens@nelson.com,teacher,True,2024-12-03 14:17:45.229246,2023-05-24 00:27:20.067563
77,tea_jess.nunez,85ac3041fe3d189d586c8cc8312791644baf5f009d3c161934eeb0d3b34eaa47,2q;XwZO%u3Dm,tea_jess.nunez@johnson-rodriguez.org,teacher,True,2025-01-02 22:27:22.826579,2023-04-19 22:58:01.167237
78,tea_trac.garcia,a2113a66af8c30a96c0db4979a3ea07f13f87be0a43a25a43a6ae7a8522d4289,Alld3b|+,tea_trac.garcia@perkins.biz,teacher,True,2024-11-17 13:53:11.313553,2023-07-22 00:30:26.378696
79,tea_rich.hensle,fba868251e8e467414eeab3a37bcd91042b5fe1de5bd6eb47f5242938799fdc3,"k_Wdq6;|TxE,",tea_rich.hensle@mitchell.biz,teacher,True,2024-08-05 09:57:00.311594,2024-01-03 21:53:38.574610
80,tea_john.west,44248c640e026b3db2a52dd39e436cbddb3dec221e0df7019f7fcebde03a145b,no6[pnsKHxlj,tea_john.west@craig.com,teacher,True,2025-03-31 18:05:36.995795,2023-11-03 18:26:04.447216
81,tea_robe.ramire,d39ff3f99cc394b7d4399a164c4db730bbaa726acecd3b3936e01e677a85cbfc,Ym!c0j!|j,tea_robe.ramire@collins-green.net,teacher,True,2025-02-01 19:22:40.850604,2023-08-27 23:12:51.804079
82,tea_john.ramos,bc3480ba054f095e98be354356abdfac695cada93a8845790b38e4569fbd1622,;5uxMbw.-|,tea_john.ramos@grant.org,teacher,True,2024-05-16 01:11:58.069243,2023-03-20 04:11:30.063175
83,tea_mich.pierce,4b27b6efe96a31bb9ea26293a5cc7a09ba72ace6d8539d9d2c99899a84666e98,S9{[*au%Gp,tea_mich.pierce@anderson.biz,teacher,True,2024-11-28 19:46:00.206493,2024-07-08 06:59:00.793529
84,tea_bren.kidd,f52fc793dd47d5900743d11034187ab485b5ac723c9e045eb0466c400238b0fb,"9zlS`(,L",tea_bren.kidd@mahoney.com,teacher,True,2024-09-24 17:20:09.219963,2025-03-23 17:08:50.063187
85,tea_mary.novak,2fa9af7de87290b987f05c6397ee413566f2a72e54f425681094cb7809ec8572,+NvA!352[IO,tea_mary.novak@anderson.com,teacher,True,2024-08-13 22:13:14.300496,2023-02-23 10:54:51.964695
86,tea_sara.martin,48c56616dcef9bb677e51d0f3ce764d67c781a41eeca30103019bdc893f57fcf,z-TV|i5ve$G,tea_sara.martin@nelson-blackburn.com,teacher,True,2024-11-04 07:29:18.533669,2022-09-10 04:22:36.594656
87,tea_todd.lewis,59176624e77157fd3d4c8db1485814cd25572ccb4ed64ff391ba657cfe515a2b,7-PD)iXK]B^B,tea_todd.lewis@sheppard.com,teacher,True,2024-06-27 05:41:25.338623,2024-11-27 06:40:20.967636
88,tea_rich.brown,cfd988beb5a1251520e2594be120a58786882eea759af6025d404b4335f760e6,<j_:1?3OOzzg,tea_rich.brown@jones.com,teacher,True,2025-01-30 17:13:41.029840,2023-10-25 10:04:06.567020
89,tea_nich.baker,9bd5a898ee97a5a4f50ed810fc4a608a9149db8cd03581ed405af1c503c32a25,1pp5v[P+XE,tea_nich.baker@hernandez.com,teacher,True,2025-03-21 02:05:10.752114,2024-08-15 22:18:02.732950
90,tea_kris.hender,ccae90c287ed5aee8b9aabb772f0e42089c886e7310cb18f5edcb03e54d26e80,a7KqZe&^fR:c,tea_kris.hender@brown.net,teacher,True,2024-11-09 17:27:45.062685,2023-02-01 03:47:56.701808
91,tea_susa.peters,af8e0007f32da7e1d6048516c3edc6bf1d70e5f53cd5e6e4afd2eb229f59177c,YM~6@:pV}nd,tea_susa.peters@manning-mcknight.info,teacher,True,2024-07-30 13:27:54.291260,2022-09-03 13:34:54.168229
92,tea_jenn.moore,d91a96911ea0558c8d01b7fba3a17738897e09d1adb7e689f0a3979515aee04f,nP/3CvlyV,tea_jenn.moore@smith.org,teacher,True,2025-02-08 17:11:44.292861,2024-01-17 04:45:45.363150
93,tea_kenn.novak,707f955d7e1d94d84d04c1787ad6de9260f9bf6d1f9f8352ca879883d6fe7508,r=6pqOs=,tea_kenn.novak@martinez.biz,teacher,True,2025-02-19 17:57:00.898111,2022-05-30 01:07:36.966512
94,tea_beth.daniel,850a63de6e4147cb42babc60b557a58142c5060b3f60a27112630aee7d3659e5,;5<p%^E_9.!,tea_beth.daniel@cruz.com,teacher,True,2025-02-27 19:29:14.552289,2022-10-03 20:16:34.034210
95,tea_juli.silva,26f5c6631e0e043a90c5bce4f2d67267488165073cb44534f0934ceb45dc782e,/jj@hBb<B7X,tea_juli.silva@harris-bryant.org,teacher,True,2025-01-05 01:38:31.567813,2025-03-05 05:20:01.162829
96,tea_wesl.farrel,0ab51e9a397a02837fe5ab84fd694a8546c908e0093c60167855743a701b623f,"+^$ON`6,t",tea_wesl.farrel@acosta.biz,teacher,True,2024-05-07 10:07:45.388994,2024-09-21 22:59:47.925791
97,tea_eric.yu,cb0ffc80bb3889b379bb56c4bc0db103c74edc0cb3c33740313f42eedfa1137c,CUX5}$zZy,tea_eric.yu@evans-zhang.com,teacher,True,2025-04-13 12:26:26.434194,2024-12-09 05:46:53.190864
98,tea_chri.lopez,21b35ff33548fe906748516a79794947d565da4c10f50529192d875e3a0b9518,_:ns7noEc6,tea_chri.lopez@coleman.com,teacher,True,2024-05-22 16:09:02.586778,2025-02-07 05:46:58.990140
99,tea_broo.leonar,70adecc220eb78918c2e2a35f294cf1716313b55a699195303e1dc219c327040,5THp(kT3BtY#,tea_broo.leonar@robertson.com,teacher,True,2025-03-25 08:22:38.582399,2024-07-04 21:48:02.715014
100,tea_joe.wilson,2e13612d263c5ded1e605fd6259e79f41eb0fd74888d46fa6e85fbb588c7a338,"IVmg,W2yLyZ",tea_joe.wilson@benton.com,teacher,True,2024-11-11 07:58:52.369159,2022-08-06 00:05:32.360963
101,tea_pame.wheele,bf6e36ad42d83c453ac2eaec0aefec2a23774a527cf8339fc5ef02fb40cb7898,@%3n?g:FoCog,tea_pame.wheele@bates.com,teacher,True,2025-01-12 18:09:01.726213,2023-04-30 23:26:14.409854
102,tea_chri.barnes,1ef37d3169c7a92fdada8caea29c78733212c30628ba028fe0e7d06b2f7c65a0,#~}9N/EvO,tea_chri.barnes@malone.com,teacher,True,2025-04-24 11:12:00.231173,2022-11-27 21:41:03.446136
103,tea_bran.mills,fcebeb507df2201e33d787a998ce38d29ce7058a2c52bd6bbcde0ea0b514484a,6sb<82QcwH,tea_bran.mills@ballard-ortega.com,teacher,True,2024-09-13 18:11:38.527025,2023-04-24 15:19:47.537783
104,tea_sara.harris,822ae32948b546fc3134595610bc50a236d6efda09e25954a019d8c4d08dbbf7,[T8=a!F8,tea_sara.harris@ramirez.com,teacher,True,2024-10-14 05:46:27.867639,2023-06-19 15:38:37.232591
105,tea_jenn.foster,0aadfd28a399d96b7e441299ee5f0ffa58952a0a784e89ce728b54b51cbd1902,?LD^#vsmmMQ5,tea_jenn.foster@lawson.com,teacher,True,2025-03-15 10:55:36.109988,2023-08-20 23:26:57.298878
106,tea_emil.evans,efefa873f2bcdae78ea6efc66f3524da55230f7588efb8ee9b1795c4337b6113,G.!GU6bTM`Q%,tea_emil.evans@moran.com,teacher,True,2024-11-21 05:55:42.325859,2023-02-21 05:49:17.021583
107,tea_lesl.jones,82b5b37b2d0a72ac8fee2022d39b3b72d10a7cede18ae0c5efeab23f46977001,9oI?%;cs0C.s,tea_lesl.jones@le.net,teacher,True,2025-04-01 15:05:22.813675,2024-05-28 07:57:24.570342
108,tea_step.murill,f50c0551260c52efea674161fb233b93ade11dd9d4fea91f8c97d55b8d10d4c5,~3UAlyW;nJ|>,tea_step.murill@knapp.com,teacher,True,2024-11-07 15:51:49.991006,2024-02-17 05:54:21.397645
109,tea_wend.jones,148da47c31db86fe038f3a98a9df264ba8b3e2f97868695d46ef0231ed5d56a3,wH>SQY+1JNyf,tea_wend.jones@donaldson-hernandez.biz,teacher,True,2024-06-24 13:44:13.943746,2023-12-07 09:11:50.244358
110,tea_jaso.baker,15120875636a0e2133a96ef0711b65ca58f5dd4a1c012c662ee4ce40f859f481,p36-SKob@?s7,tea_jaso.baker@eaton.com,teacher,True,2024-10-21 22:39:20.110174,2024-09-15 22:40:30.115504
111,tea_sara.ibarra,27094f970ece722d2e09c2073d19dc7df2979d3e520d4fdeb00fca5960573184,6fBK+pg!Na,tea_sara.ibarra@walsh-lee.com,teacher,True,2024-07-01 12:33:30.735743,2025-02-17 07:31:39.677854
112,tea_nata.moore,cd07e526a54fbe39d00554efdea2e5205658464c956886c614b9d9c96ee99c4b,tlIsz3=k,tea_nata.moore@forbes-smith.com,teacher,True,2024-06-05 00:20:38.332577,2024-03-13 18:24:26.171316
113,tea_mart.warner,1b8e60c81b497142a9ec5b9c2049cc31cf7342887f46cf7a98d034659b5e66f8,F>;X2ZmHM[,tea_mart.warner@clements.net,teacher,True,2024-06-15 14:35:55.408869,2023-08-06 10:29:47.191991
114,tea_cher.valdez,7778c565b12482a7b1983a6b3497f7aefe6dd87c3158b416fca00d775b1c2c7d,=r?zGr1(zM,tea_cher.valdez@fuller.com,teacher,True,2024-09-07 12:35:11.325899,2022-05-24 07:13:51.416466
115,tea_alan.montoy,0d9df2eb650baaed6080d4e4c7592102ee96ab5d411b67c7ba47403b33a4559b,*xW3mr^4/O#,tea_alan.montoy@cline.com,teacher,True,2024-10-20 21:03:11.667711,2022-11-10 03:09:17.201914
116,tea_kevi.alvara,27c5479b5e011c960c41dd695f16a0549f5a107f610e7a186af3845942afcdac,T27107d)d1l,tea_kevi.alvara@baker.com,teacher,True,2024-05-23 19:29:56.723124,2022-09-21 16:59:02.472909
117,tea_shei.wilson,43bbf3787d3d9bac4140d5db4c744815c43cec1e89d856550e0a6dfe320c4608,YqZ<a7%6gk,tea_shei.wilson@boyd.com,teacher,True,2024-05-14 23:44:28.345547,2024-07-05 08:09:20.388595
118,tea_dani.tran,c894f7f0017f77cea4fa51e2585451536bc356209b13fadc0b8f545f5844be65,Q[mL-9/Q,tea_dani.tran@solomon.org,teacher,True,2025-01-27 14:57:45.509985,2025-02-11 11:34:37.635268
119,tea_jose.jacobs,e51eec28b1b12e0073b3e074c9c463e0ac291296a4fc05b3b5af0029dfcf289b,at]p%mFAn8d#,tea_jose.jacobs@jones-davis.com,teacher,True,2024-12-29 08:26:18.112019,2023-02-18 11:57:25.868259
120,tea_jenn.walter,9abb5d435618a920c8e78b28a00fe38bf3351aa68de25bde9e63bcad4f3330b3,MZ9xE*H{,tea_jenn.walter@espinoza.biz,teacher,True,2025-02-02 14:54:50.182890,2023-01-05 13:20:29.775255
121,tea_jose.freema,bef432cc428e3e788f71f657f942fcb45aac4eedb73f0e94b45c6f823917cd5e,p3s;cxs.Ev$~,tea_jose.freema@mcintyre.com,teacher,True,2025-04-23 16:29:58.491427,2023-04-04 09:20:40.835240
122,tea_rebe.mathis,995ddc5e0a5fbd4d245e23314ba3cf848aa69a61fe5419e61a293b5c99c90651,~n712sdK6p,tea_rebe.mathis@english.biz,teacher,True,2025-04-29 20:54:36.181811,2024-11-23 09:14:43.260582
123,tea_chri.hender,ca4ecc05200a0f0af1360cf9cd710f0115f05206b0da992205a99e4e7e0bc253,"e:,.}4fTr7",tea_chri.hender@reyes-burch.com,teacher,True,2024-12-17 08:42:16.741744,2023-05-04 10:48:18.392798
124,tea_josh.smith,45d96306ed594aabd8d3786e8671b73427d2d12a2c00bda16ffb9efc793f0d92,-R6rJ.MY,tea_josh.smith@diaz.com,teacher,True,2025-04-21 06:35:29.325181,2023-04-08 09:45:15.674950
125,tea_kell.green,db2eae0e2d3e00585fd77d447017c4fecb7e1695ac24d0ab16da1c33d09ef5f1,W8].x_`#.^H,tea_kell.green@green.net,teacher,True,2025-04-20 04:51:07.683578,2022-08-03 17:09:44.640169
126,tea_joyc.arnold,142223931e5afd9c059f0dd53c0fa4e8e238ae22b60a1434442cf953a77a9145,@>8PDEnwX1ih,tea_joyc.arnold@nichols-martin.com,teacher,True,2025-02-04 14:31:52.739303,2024-08-02 21:07:12.220485
127,tea_rona.jones,be5782b86f06908224df6892c3f67e423cb302ede05704119c053b0318e6ea42,4V]|dwPn,tea_rona.jones@mckenzie.com,teacher,True,2024-09-25 03:52:51.013710,2025-04-20 00:25:11.674510
128,tea_nico.mckee,a979c1c8f3e1b7f67d2caac3bc6345db6c169479b15e238f1e490137152a507e,)zzG!4>KCzu3,tea_nico.mckee@myers.com,teacher,True,2025-04-09 12:42:53.107265,2024-09-08 19:49:22.052954
129,tea_amy.davenp,710f46ced565e68e63c12dc88553c173b6741ea40a3017b7b3bf8909499389e1,aU0-*jRx?,tea_amy.davenp@chase.com,teacher,True,2025-04-18 11:33:59.925074,2024-03-15 13:41:54.073971
130,tea_bran.hernan,8b8815c7fc4d501d4a61e31503a90e10f2b40ad625fa2e2e1fc2d26bdb99a7ce,@yA_8#TT})ri,tea_bran.hernan@henson-ortiz.net,teacher,True,2024-10-12 14:30:18.065967,2024-11-27 21:49:38.814557
131,tea_davi.parker,3b835268ac7c2a6ad9c2339cf4906e5e184eb67117f1c6bd817a1c8371b4b070,}h*~o=8H,tea_davi.parker@tyler-carter.info,teacher,True,2025-03-03 06:29:36.378009,2024-04-29 11:37:54.543794
132,tea_rach.valenc,fcef0f4471d4227e3b3567eb1b9cb9fa2fa9d8b5006df4bb8ef732f1ae4419c0,@j-{~eSj1[{,tea_rach.valenc@brown.biz,teacher,True,2025-04-25 06:23:12.355882,2022-08-31 23:04:42.645615
133,tea_rach.clark,65792b2081ca8836bf065f2c1d47405eb25ae1fafd0480f8294ea43845abf42d,"qIfne@#C,S3",tea_rach.clark@turner.com,teacher,True,2024-06-19 00:38:05.692145,2023-04-12 21:01:49.493311
134,tea_john.garcia,93951dcfeec58cfb23ec5e9dbdf70419eab4557d17eb4fea7578a94e01f1cc4d,c(9gXW~q3,tea_john.garcia@cain-parker.com,teacher,True,2025-01-24 08:30:36.036668,2024-12-22 12:05:34.856884
135,tea_kimb.russel,f16a3fecfb8d9810d04344a63b3f13734b7a70dffedb903fe1f79df4be9e2d1b,4p{VTyR3,tea_kimb.russel@kelley-meza.com,teacher,True,2024-06-04 21:37:58.708782,2024-09-16 23:57:14.627371
136,tea_chri.moore,92258da0988016dab242056f1b3c83fea97433e3919bbf452acfed298464141f,+bD0&-fb,tea_chri.moore@bridges-jacobs.com,teacher,True,2024-07-02 22:22:21.437384,2023-02-10 01:05:55.074769
137,tea_sara.cherry,f61af8f9adda29eefec3fea442496d4b6c848ff63e4cd22791db3a44635bdeb2,9.p.jjG*,tea_sara.cherry@smith.com,teacher,True,2025-02-20 17:41:36.447172,2024-04-08 00:54:19.470742
138,tea_lisa.keith,a4f5998e4a06f651d34cced4473afc6a707fe2be0feaad91fd026cb9f3622bae,"C4MU(L,F^I",tea_lisa.keith@miranda.org,teacher,True,2024-10-31 06:04:58.204643,2022-12-04 23:21:35.469397
139,tea_ange.doyle,d059628b3f09691d648764cdb6bf43aad3afbc930ca881ec2b74ac30b11354b8,gS0`}!Jk,tea_ange.doyle@miller.biz,teacher,True,2024-07-28 10:52:41.360292,2023-01-06 14:33:33.271391
140,tea_mart.pham,cb5cbdb337f0d27704d6e8311a39a3a57fb3ad36d62ddff2aaf9997a15f6a405,"DN(ApVseE~4,",tea_mart.pham@willis.net,teacher,True,2025-02-22 15:48:58.636968,2024-07-06 00:10:49.523082
141,tea_mich.cochra,f0cb14b4a103326e21cae427ae66291cf630cf9010ece25983b4a2165dfc7aa6,4fCAWx.3,tea_mich.cochra@black.com,teacher,True,2025-05-01 21:05:33.293397,2023-07-22 14:55:23.957419
142,tea_jose.cobb,3194816d54331f36ead6de281a7caa925faf1cc3f8acd2649c2f4ef5b50eddff,dR}32hn(,tea_jose.cobb@reed.com,teacher,True,2025-05-01 20:08:09.934531,2022-11-19 19:55:58.516946
143,tea_dani.garris,4bd18675d5faca3c9d58d69b4aba0ad4035c481320ceff6be0d4aba72bbf2f8e,&72_-%HuW7,tea_dani.garris@ochoa.com,teacher,True,2024-07-14 18:47:23.025201,2024-08-03 04:58:22.991830
144,tea_jeff.velasq,e9ae4aa37faa266bab7a28589545ec3443a7c5093268711221577c35df109dda,9;)B0h=kJ,tea_jeff.velasq@pham.com,teacher,True,2025-03-15 10:34:23.338858,2022-09-11 11:48:55.667972
145,tea_stev.torres,d28fb27498d39455cfccc443300a646daff407031a2a156f3941a40ad99ee71f,4xHJH@qD,tea_stev.torres@williams-carr.net,teacher,True,2024-10-05 23:43:22.740094,2024-10-23 08:07:21.453475
146,tea_laur.johnso,2d9bb557ee233942e6392fe473eb9fa2d1a0a3916ff5aa6a226834c58d9f6d9c,",gDo,ex?#4=O",tea_laur.johnso@crawford.net,teacher,True,2024-09-21 19:19:07.803808,2025-04-20 15:53:59.849020
147,tea_jame.murphy,b610d294b85be0a1dd14993588a19e9ff511d958a77aedc01d950bd51bf9de16,ESnj#4o$,tea_jame.murphy@martin.com,teacher,True,2024-06-11 12:45:57.254629,2023-09-06 04:06:23.786874
148,tea_mich.rasmus,49f64f25347eb2587fe4bf8b890ae1d43e5d061e37ed8a0db334edf7c53dd0ba,V?1j:2KsdP]U,tea_mich.rasmus@dean.com,teacher,True,2025-02-23 03:10:41.791214,2022-06-09 05:27:25.238422
149,tea_josh.ross,88a2e918d1eea7f113f6809321bfc8138a45c31bafdc79f93dc9d2cfc042b147,8L}duVfLt+,tea_josh.ross@clark.com,teacher,True,2024-07-31 01:59:34.128873,2024-08-03 17:05:05.779886
150,tea_tina.herrer,2c88638ccf2a3a504ff90436985f70b9db6cf7602ca28a6e3554f1099fb85463,1&p^g]8.^%,tea_tina.herrer@adkins-lawrence.info,teacher,True,2025-02-06 10:55:56.719853,2024-01-02 13:38:05.130830
151,tea_shei.wilson1,d2711d042165dac6650eba4470ae659607e077d5690f181198a33739c274a1e7,LFQFUD6Oo/E4,tea_shei.wilson1@norman.biz,teacher,True,2025-03-23 01:55:11.529037,2022-10-22 04:04:53.008126
152,tea_tara.white,d8f4aebe02087149988421a1ac1f0839823142d21dbd1aa3d08ddaea2ca41d10,"kT)#jU,9]D",tea_tara.white@sutton-jensen.com,teacher,True,2025-01-22 18:49:12.726961,2023-02-11 18:58:47.109063
153,tea_sydn.baker,f60d000baa310843647314817db01418a95981aec8d01a18ff70c06635c5525b,q&F0>=<r]HKR,tea_sydn.baker@wong.net,teacher,True,2024-09-01 04:59:03.433197,2023-06-08 06:04:00.489182
154,tea_dani.hamilt,af410ff785e890abe93824fac10341b67b6717f18c70c643d2fe704b75bc9f3e,#s_@|zx6bvp,tea_dani.hamilt@fuller.com,teacher,True,2025-04-19 03:26:52.733897,2023-05-13 00:42:29.317663
155,tea_jess.obrien,4d99f3632af50e0f21156259ca42b8cc259f2455a83a939f694ed1e029f10c5b,mqe3d/vjq$^,tea_jess.obrien@moreno-mccarthy.com,teacher,True,2024-10-23 18:18:09.240200,2022-11-03 02:11:16.598639
156,tea_will.ray,e4fe7bce15b51b424ea2c3d7e89d45e1bfe64e9d45bc8dfe4ed0c292cdc7486a,]{nfjT50|5,tea_will.ray@lowe.com,teacher,True,2024-10-23 10:38:16.311521,2024-09-04 16:21:54.752179
157,tea_jona.fletch,53de45fa89ad7ef3c62fe1ad4c090c99d792bf9a782e99dbfa2e18eed4aaaaa0,">,6WP4w$+Jm",tea_jona.fletch@hodges.biz,teacher,True,2024-06-11 19:19:54.837821,2022-06-03 19:27:36.433306
158,tea_aaro.frost,7c51d95cad65f16d31ae76555b7a23d00979cff191b72f24bbe797166cfd1948,-%^=$2KP,tea_aaro.frost@hunt.com,teacher,True,2024-06-20 13:39:54.270603,2022-12-12 21:41:42.363462
159,tea_aman.harmon,a918631beda9316cc94dbaac74669787f3568898a28bd2f5e20a75128d4c6db9,fA3%J_{Om,tea_aman.harmon@koch.com,teacher,True,2024-10-26 21:27:21.827789,2024-08-30 18:08:26.809666
160,tea_emil.jones,2d5a7618343ca3d7d7bc557027612e77d158cc6202a4334f837052b03c2806e7,J!4CvKH]nD,tea_emil.jones@gonzalez.info,teacher,True,2025-03-20 23:05:00.402953,2024-01-07 22:01:35.063756
161,tea_eliz.edward,0296cc92010c55ae387540914a6e6b950c3f0973efd972602792daacdb7bee72,a!dVAK_24,tea_eliz.edward@yoder.com,teacher,True,2025-02-19 17:29:29.745215,2023-12-25 01:56:09.785059
162,tea_mela.cortez,a74aff5f80b2dbc8e8a3f8b4478c2daab8f9782393eb2718bae600185f9e23a8,o`p43@HlrJ,tea_mela.cortez@sharp.info,teacher,True,2025-03-16 21:07:31.447395,2023-11-04 02:21:38.952685
163,tea_kevi.ortiz,b5353d27311851b2f6d7c661d08d22e1687554efddfce9fb20c0479509906fbb,kCjPu#QJ6|,tea_kevi.ortiz@jackson.com,teacher,True,2024-07-14 01:58:16.220085,2024-08-23 05:42:00.797609
164,tea_rich.philli,676fbff14014a633b50e89ec4f93e6fc1c5104b67767445ea12b907e999531c8,`/Oe3m`%,tea_rich.philli@walter.com,teacher,True,2025-04-23 13:16:51.727578,2022-09-14 20:45:12.592885
165,tea_davi.fisher,fe80900cb663f3b0cee4be175126127bf686c10c6e382ca0b7b5a5d017b3dfdb,>zH8t!x@,tea_davi.fisher@johnson.biz,teacher,True,2024-11-21 14:15:08.146229,2024-11-17 16:07:24.621418
166,tea_shel.orr,e5a53695266c1daf4181b7329e3eabf545fca86fbbb5802f335dd4ed00944c3f,%Ba3i!){,tea_shel.orr@ross-kennedy.biz,teacher,True,2025-02-20 16:05:26.973011,2024-05-21 05:36:04.345080
167,tea_chri.kelley,ecd34f8fde551b966946225248c462b3f4094811b54030257fd2ca889e4c2efd,/H{W|=E;S9^,tea_chri.kelley@jones-harvey.com,teacher,True,2024-08-01 23:37:37.080893,2024-11-20 17:27:15.594400
168,tea_aaro.mitche,32d417c46a506d6af6497c6ab24b8ececa88a70c00f879b935539e54ffc22926,.2ow7O.oS~,tea_aaro.mitche@terry-ayers.com,teacher,True,2024-06-05 20:05:28.281127,2022-07-03 20:45:02.878591
169,tea_russ.pena,9ed857883f4df3273e4f5c90540d6e398e6e0670e919903e9be954e9e095664e,![0?EdLI#B0,tea_russ.pena@roberson.com,teacher,True,2024-09-23 00:38:13.499133,2022-05-09 12:33:24.933703
170,tea_stev.lewis,77d6ba81c4b3355540d0b2a13f56bd0171d7e55642c34cc7d4f12d8d5f98dfb0,>O0Y42ZHgI,tea_stev.lewis@robinson.com,teacher,True,2025-04-26 19:42:37.863051,2025-03-16 02:12:29.501680
171,tea_thom.santan,62249319aa3a7bf3a971c9a67401e89396187d2460a333e4d9b2b9cb7ee6db0c,N50C_v&A,tea_thom.santan@mills.com,teacher,True,2025-03-10 02:06:32.080987,2024-06-12 18:41:40.021950
172,tea_laur.jackso,2b343e00f9658987017884cdbc576b0aeaf09e124af83d4f5376befddc202070,DLuVQ0B(Fbec,tea_laur.jackso@rodriguez.com,teacher,True,2024-08-17 13:29:30.178498,2024-11-26 20:03:40.929538
173,tea_chri.robert,06c6380635501a7105c618de6516a583aaf21e40239ff5a921413d030b9107d1,1cb*]tm+Yy]N,tea_chri.robert@jones.com,teacher,True,2025-01-28 22:21:45.155322,2024-02-21 20:58:21.947056
174,tea_cynt.rogers,fde7a5c1c884a924895b35e92e09ce11769d5195d0341727fe6767345a513ad2,"MJ6zmH,_",tea_cynt.rogers@cervantes.com,teacher,True,2024-05-21 06:44:24.791587,2022-08-23 06:49:39.922641
175,tea_lore.potter,af4afdc81b910ed5d2521c0135b79956599f9fbc3c2a5848da12061a7669dae7,C0)J9K~&,tea_lore.potter@bennett.com,teacher,True,2025-02-07 02:02:11.564600,2024-06-25 08:52:04.974204
176,tea_emil.gonzal,e54048be4901df3103282285dc7a056abc80d70f75582b5b8828bc5b64208ac1,YV*n5C_dYD5,tea_emil.gonzal@wolfe-powell.com,teacher,True,2024-07-27 13:43:24.549781,2024-12-10 11:38:00.738075
177,tea_andr.alvare,1dcf4f593cba0fd107fbbbb88bc6364fe0e6f326c51dc7308971d1056a65c0ec,FksZ{8%-Dh,tea_andr.alvare@huffman.com,teacher,True,2024-05-05 07:35:05.535261,2022-05-23 09:35:23.988361
178,tea_meli.jones,2c6a82943bfae8f8860f9a6ad23a15187aff6e707fc35fa913b198d0f2daaf4e,RteP/-[0aI,tea_meli.jones@gilmore.info,teacher,True,2024-10-04 19:02:02.922416,2024-08-23 23:27:07.344111
179,tea_robe.soto,73b3ffe23c947045e037bbf13c2f1cd52b362a62d2fa8c5373189a78f54948bf,"*@O,EP7`9$)",tea_robe.soto@henry.biz,teacher,True,,2024-11-27 02:27:31.717558
180,tea_jame.horton,56e472e1403746ea7fa451a5c3359722af49090e0b149672e6ac78778727c515,n2~jWqbu,tea_jame.horton@flores.net,teacher,True,2024-09-04 05:46:07.866211,2024-07-28 09:48:40.032189
181,tea_troy.sanche,1e41987d2e217e05a9626ee3ad191365076b8387503a0b34b4497dbee712ed57,4oe2@v|^!,tea_troy.sanche@taylor.info,teacher,True,2025-03-31 15:55:35.254966,2023-04-30 17:54:26.177923
182,tea_dian.smith,a6426115274b00ee3ef3c37e56937d79092baeb2436302ff7f96a09d34872436,ZbLp3L>I%P{,tea_dian.smith@anderson.com,teacher,True,2025-02-07 14:32:17.412720,2023-11-01 02:01:24.095451
183,tea_kare.carril,31645161820a20005056804d70a079be23fb24ab81fb62933c8adfdd419ec647,G87AQrv^8,tea_kare.carril@peterson.com,teacher,True,2024-09-18 15:19:10.550712,2025-02-26 10:44:44.946668
184,tea_dani.thomps,c1f520cd142a52cf3d1234f3e9009412b2c3aa2727e58f3ba24f5c0935982e89,8iaN~yz/m,tea_dani.thomps@farmer.info,teacher,True,2024-07-01 21:22:59.675234,2024-07-17 07:59:53.155727
185,tea_susa.holmes,eef9d5562a2acdc53b3cbeec2442bfae26e05469a4c79beebaf6cf2e7b8e8928,}7[uiS;),tea_susa.holmes@hernandez.biz,teacher,True,2025-02-05 03:49:15.469241,2024-11-12 21:59:26.378444
186,tea_bren.wright,32f4733b454c6b5586ff1cc8180b401f565b6161fff415323dd5b7f6289ed09b,yJK2=NV},tea_bren.wright@ingram-henderson.info,teacher,True,2024-10-22 07:22:33.719385,2022-06-13 21:04:54.994802
187,tea_meli.bryant,a7920fb512f641ef3a007451dc177ef77aa05b05b6da19b2ad8348cdd50fabb2,{<8AvaDBl{ss,tea_meli.bryant@alexander.info,teacher,True,2024-07-17 12:32:26.393430,2024-10-26 18:01:25.073316
188,tea_laur.travis,b94b396ce12ef503deaea7ce89ae749f5a33697797bc68c02aaebc19a31b7e07,jgr$42<8PM,tea_laur.travis@martinez-cruz.com,teacher,True,2025-02-03 19:33:56.591661,2023-10-13 09:13:43.825091
189,tea_cait.vance,9a3a63f28c5db0123c286432dd4e545c90389b579d1c899758229f8a228f896e,YWX`8TN%O^k],tea_cait.vance@goodwin.com,teacher,True,2024-06-08 20:29:44.976440,2023-04-18 04:23:32.818505
190,tea_chey.ball,30b5c145f5f3ef94ccb1e231918b1c9912141e10bdbd7aad91f0fb589a37a0bb,s3)4!/G?p),tea_chey.ball@moreno.info,teacher,True,2024-08-20 11:09:57.405957,2022-07-23 13:30:13.900970
191,tea_will.rivas,eb8431eec78e6b15eba983784ad352f559b9d1341c4fffa4b61334aa569df574,dU7<S2B{),tea_will.rivas@gordon-nguyen.info,teacher,True,2025-01-04 12:11:06.302732,2023-06-28 16:52:51.213709
192,tea_amy.mannin,9b2a9f15f71c7e8cdefda1a6dcc21a4dc1a07087d638305667a466c9ea722c61,WVwbz4U^y,tea_amy.mannin@hart.com,teacher,True,2025-02-09 14:45:29.716613,2023-07-10 20:54:05.619705
193,tea_thom.wright,eac25a6d2529aa4c9c745d1fd4cee5a7e611d1983fe9e0085902c0d24dac11e4,J:9Yf~`G,tea_thom.wright@powell.net,teacher,True,2024-11-08 16:53:39.936742,2023-03-29 16:29:26.068287
194,tea_dana.cannon,93cc2eb4ae65a8889a5f2c5ded540e2ff81942513a0e12a531c6e879b710f832,d8]|6!w8:*ne,tea_dana.cannon@west.com,teacher,True,2024-06-22 21:08:13.603540,2023-09-04 15:13:51.719604
195,tea_adri.sims,c536a132a6602dabe1e02d0fffa79c152161462368cbec46be3df19fb07203a7,`wqk1ph4;,tea_adri.sims@vega-thomas.com,teacher,True,2025-03-14 03:41:27.044385,2024-06-16 17:06:58.133898
196,tea_josh.jones,91608ff3976cd8ac4127df3d5ac0c75a5d50550b067db15356e3766599a51465,%b<Z1<<hiy#s,tea_josh.jones@clark-kelley.biz,teacher,True,2024-10-24 23:34:40.811134,2024-05-31 12:29:16.066313
197,tea_just.nelson,d7880259d5f6b93dba674b2e5924ec11db511e303bc051123538bd381e810078,fJ]z/#0w;aN,tea_just.nelson@munoz-robinson.net,teacher,True,2024-10-08 16:10:53.001111,2023-11-07 21:02:39.973872
198,tea_luis.taylor,7172a73a65f3f5510a41f5d9b217edc5b97782bb96b3c6e99d4e820a1c34d6c9,7-~l-7lolx,tea_luis.taylor@lawson-russell.com,teacher,True,2025-02-19 09:16:16.158368,2023-11-22 04:33:35.671244
199,tea_jess.benson,7f5c2846dfa5fbe3996299978cb33de2137b786ea8a0aed86b6651ef29cf00d0,|cvbB;V6kFN?,tea_jess.benson@chaney.com,teacher,True,2025-01-12 14:48:33.209145,2024-09-05 12:56:31.742645
200,tea_jasm.brown,08b0fa11c0cee3344ee5b2e31a31a6779f2a011f6c399ad41fd93936433c0fc8,-O0CyIzwL,tea_jasm.brown@green.com,teacher,True,2025-01-10 04:48:05.099205,2025-03-03 14:23:41.752020
